Lender_Name,Lender_Id,Lender_Operating_Country,Lender_Institution_Type,year,quarter,original,Match1_RSSD,Match1_Name,Match1_Status,Match1_Asset,Match1_Address,Match1_City,Match1_State,Match1_Zip,Match2_RSSD,Match2_Name,Match2_Status,Match2_Asset,Match2_Address,Match2_City,Match2_State,Match2_Zip
Bank of America NA,46975,United States,Multinational Investment Bank & Financial Services,2021,1,,,,,,,,,,,,,,,,,
PNC Bank NA,31841,United States,US Bank,2021,1,,,,,,,,,,,,,,,,,
Northern Trust,12940,United States,"Multinational Investment Bank & Financial Services, US Bank",2021,1,Northern Trust,900306,Northern Bank & Trust Company,Active,3229640.0,275 Mishawum Rd,Woburn,MA,1801.0,665931,"Northern Trust, National Association",Inactive,16103864.0,700 Brickell Avenue,Miami,FL,33131.0
Northern Trust,12940,United States,"Multinational Investment Bank & Financial Services, US Bank",2021,1,Northern Trust,900306,Northern Bank & Trust Company,Active,3229640.0,275 Mishawum Rd,Woburn,MA,1801.0,665931,"Northern Trust, National Association",Inactive,16103864.0,700 Brickell Avenue,Miami,FL,33131.0
Northern Trust,12940,United States,"Multinational Investment Bank & Financial Services, US Bank",2021,1,Northern Trust,900306,Northern Bank & Trust Company,Active,3229640.0,275 Mishawum Rd,Woburn,MA,1801.0,665931,"Northern Trust, National Association",Inactive,16103864.0,700 Brickell Avenue,Miami,FL,33131.0
Citigroup,13703,United States,"Asian Bank, European Bank, Multinational Investment Bank & Financial Services, US Bank",2021,1,Citigroup,,,,,,,,,,,,,,,,
Citibank,29606,United States,"Canadian Bank, European Bank, Multinational Investment Bank & Financial Services",2021,1,Citibank,1404931,Citibank USA,Inactive,2423684.0,4500 New Linden Hill Road,Wilmington,DE,19808.0,476810,"Citibank, National Association",Active,1844189000.0,5800 S Corporate Pl,Sioux Falls,SD,57108.0
Citibank,29606,United States,"Canadian Bank, European Bank, Multinational Investment Bank & Financial Services",2021,1,Citibank,1404931,Citibank USA,Inactive,2423684.0,4500 New Linden Hill Road,Wilmington,DE,19808.0,476810,"Citibank, National Association",Active,1844189000.0,5800 S Corporate Pl,Sioux Falls,SD,57108.0
Citibank,29606,United States,"Canadian Bank, European Bank, Multinational Investment Bank & Financial Services",2021,1,Citibank,1404931,Citibank USA,Inactive,2423684.0,4500 New Linden Hill Road,Wilmington,DE,19808.0,476810,"Citibank, National Association",Active,1844189000.0,5800 S Corporate Pl,Sioux Falls,SD,57108.0
Comerica Bank,31836,United States,"Asian Bank, European Bank, Multinational Investment Bank & Financial Services, US Bank",2021,1,Comerica Bank,60143,Comerica Bank,Active,77366000.0,1717 Main St,Dallas,TX,75201.0,772446,"Comerica Bank & Trust, National Association",Active,126282.0,101 N Main St,Ann Arbor,MI,48104.0
Comerica Bank,31836,United States,"Asian Bank, European Bank, Multinational Investment Bank & Financial Services, US Bank",2021,1,Comerica Bank,60143,Comerica Bank,Active,77366000.0,1717 Main St,Dallas,TX,75201.0,772446,"Comerica Bank & Trust, National Association",Active,126282.0,101 N Main St,Ann Arbor,MI,48104.0
JP Morgan Chase,14263,United States,"Asian Bank, European Bank, Multinational Investment Bank & Financial Services, US Bank",2021,1,,,,,,,,,,,,,,,,,
Silicon Valley Bank,53329,United States,"Asian Bank, European Bank, Multinational Investment Bank & Financial Services, US Bank",2021,1,Silicon Valley Bank,491224,First-Citizens Bank & Trust Company,Active,233167000.0,239 Fayetteville St,Raleigh,NC,27601.0,978118,First Citizens Community Bank,Active,3051688.0,15 S Main St,Mansfield,PA,16933.0
TD Bank NA,50531,United States,"Asian Bank, Canadian Bank, US Bank",2021,1,,,,,,,,,,,,,,,,,
Truist Financial,150321,United States,"Multinational Investment Bank & Financial Services, US Bank",2021,1,Truist Financial,,,,,,,,,,,,,,,,
Bank of America,15447,United States,"Asian Bank, European Bank, Multinational Investment Bank & Financial Services, US Bank",2021,1,Bank of America,480228,"Bank of America, National Association",Active,2651090000.0,100 N Tryon St,Charlotte,NC,28202.0,1443266,"Bank of America California, National Association",Active,15015000.0,555 California St,San Francisco,CA,94104.0
Bank of America,15447,United States,"Asian Bank, European Bank, Multinational Investment Bank & Financial Services, US Bank",2021,1,Bank of America,480228,"Bank of America, National Association",Active,2651090000.0,100 N Tryon St,Charlotte,NC,28202.0,1443266,"Bank of America California, National Association",Active,15015000.0,555 California St,San Francisco,CA,94104.0
Bank of America,15447,United States,"Asian Bank, European Bank, Multinational Investment Bank & Financial Services, US Bank",2021,1,Bank of America,480228,"Bank of America, National Association",Active,2651090000.0,100 N Tryon St,Charlotte,NC,28202.0,1443266,"Bank of America California, National Association",Active,15015000.0,555 California St,San Francisco,CA,94104.0
Truist Bank,153976,United States,"Asian Bank, European Bank, Multinational Investment Bank & Financial Services, US Bank",2021,1,Truist Bank,852320,Truist Bank,Active,535540000.0,214 N Tryon St,Charlotte,NC,28202.0,,,,,,,,
Wells Fargo & Co,19499,United States,"Asian Bank, European Bank, Multinational Investment Bank & Financial Services, US Bank",2021,1,,,,,,,,,,,,,,,,,
Mellon Bank,26419,United States,"Multinational Investment Bank & Financial Services, US Bank",2021,1,Mellon Bank,934329,"BNY Mellon, National Association",Active,31312000.0,500 Grant St,Pittsburgh,PA,15258.0,488318,BNY Mellon Trust of Delaware,Active,232195.0,103 Bellevue Parkway,Wilmington,DE,19809.0
Keybank NA,26206,United States,"Multinational Investment Bank & Financial Services, US Bank",2021,1,,,,,,,,,,,,,,,,,
Bank of the West,50489,United States,"Multinational Investment Bank & Financial Services, US Bank",2021,1,Bank of the West,859552,Bank of the West,Active,809472.0,108 W Northwest Hwy,Grapevine,TX,76051.0,732758,Bankers' Bank of the West,Active,412130.0,1099 18th St,Denver,CO,80202.0
Cadence Bank NA,101682,United States,US Bank,2021,1,,,,,,,,,,,,,,,,,
Renasant Bank,104224,United States,"Canadian Bank, US Bank",2021,1,Renasant Bank,749242,Renasant Bank,Active,26722596.0,209 Troy St,Tupelo,MS,38804.0,2789457,Renasant Bank of Tennessee,Inactive,269753.0,2177 Germantown,Germantown,TN,38138.0
Renasant Bank,104224,United States,"Canadian Bank, US Bank",2021,1,Renasant Bank,749242,Renasant Bank,Active,26722596.0,209 Troy St,Tupelo,MS,38804.0,2789457,Renasant Bank of Tennessee,Inactive,269753.0,2177 Germantown,Germantown,TN,38138.0
Renesant Bank,124275,United States,"Asian Bank, Canadian Bank, US Bank",2021,1,,,,,,,,,,,,,,,,,
CIBC Bank USA,135396,United States,"Canadian Bank, US Bank",2021,1,,,,,,,,,,,,,,,,,
Congressional Bank,106301,United States,"Canadian Bank, US Bank",2021,1,Congressional Bank,,,,,,,,,,,,,,,,
West Suburban Bank,107540,United States,"Canadian Bank, US Bank",2021,1,West Suburban Bank,375034,West Suburban Bank,Inactive,2901235.0,701 Westmore Meyers Rd,Lombard,IL,60148.0,129732,Byline Bank,Active,9791356.0,180 N La Salle St,Chicago,IL,60601.0
Flagstar Bank,49883,United States,"Asian Bank, Canadian Bank, US Bank",2021,1,Flagstar Bank,694904,"Flagstar Bank, National Association",Active,91593478.0,102 Duffy Ave,Hicksville,NY,11801.0,694904,New York Community Bank,Inactive,62909410.0,102 Duffy Ave,Hicksville,NY,11801.0
Citizens Bank NA,52640,United States,"Canadian Bank, Multinational Investment Bank & Financial Services, US Bank",2021,1,,,,,,,,,,,,,,,,,
HomeStreet Bank,127948,United States,"Canadian Bank, US Bank",2021,1,HomeStreet Bank,258771,HomeStreet Bank,Inactive,7604778.0,"601 Union Street, Suite 2000",Seattle,WA,98101.0,,,,,,,,
Bank of Hope,136201,United States,"Canadian Bank, Multinational Investment Bank & Financial Services, US Bank",2021,1,Bank of Hope,671464,Bank of Hope,Active,18501184.0,3200 Wilshire Blvd,Los Angeles,CA,90010.0,352820,"Bank of Mount Hope, Inc.",Inactive,124703.0,602 Main Street,Mount Hope,WV,25880.0
TBK Bank,141300,United States,"Canadian Bank, US Bank",2021,1,TBK Bank,766164,"TBK BANK, SSB",Active,6351153.0,12700 Park Central Dr,Dallas,TX,75251.0,,,,,,,,
JP Morgan Chase Bank NA,17665,United States,"Canadian Bank, Multinational Investment Bank & Financial Services, US Bank",2021,1,,,,,,,,,,,,,,,,,
Cross River Bank,156839,United States,"Canadian Bank, Multinational Investment Bank & Financial Services, US Bank",2021,1,Cross River Bank,3783313,Cross River Bank,Active,8120330.0,2115 Linwood Ave,Fort Lee,NJ,7024.0,,,,,,,,
First Bank Chicago,167249,United States,"Canadian Bank, US Bank",2021,1,First Bank Chicago,804338,First Bank Chicago,Active,2090794.0,1835 1st St,Highland Park,IL,60035.0,852218,"JPMorgan Chase Bank, National Association",Active,3813431000.0,1111 Polaris Pkwy,Columbus,OH,43240.0
LCA Bank Corp,174404,United States,"Asian Bank, Canadian Bank, US Bank",2021,1,,,,,,,,,,,,,,,,,
BMO Harris Bank NA,101691,United States,Canadian Bank,2021,1,,,,,,,,,,,,,,,,,
Wells Fargo Bank,27003,United States,"Canadian Bank, Multinational Investment Bank & Financial Services, US Bank",2021,1,Wells Fargo Bank,1225761,Wells Fargo National Bank West,Active,9289489.0,4455 Spring Mountain Rd,Las Vegas,NV,89102.0,451965,"Wells Fargo Bank, National Association",Active,1767105000.0,3201 N 4th Ave,Sioux Falls,SD,57104.0
Wells Fargo Bank,27003,United States,"Canadian Bank, Multinational Investment Bank & Financial Services, US Bank",2021,1,Wells Fargo Bank,1225761,Wells Fargo National Bank West,Active,9289489.0,4455 Spring Mountain Rd,Las Vegas,NV,89102.0,451965,"Wells Fargo Bank, National Association",Active,1767105000.0,3201 N 4th Ave,Sioux Falls,SD,57104.0
Wells Fargo Bank NA,27004,United States,"Canadian Bank, Multinational Investment Bank & Financial Services, US Bank",2021,1,,,,,,,,,,,,,,,,,
Capital One NA,118531,United States,"Canadian Bank, US Bank",2021,1,,,,,,,,,,,,,,,,,
Bremer Bank NA,58475,United States,"Canadian Bank, US Bank",2021,1,,,,,,,,,,,,,,,,,
Old Second Bank,143069,United States,"Canadian Bank, Multinational Investment Bank & Financial Services, US Bank",2021,1,,,,,,,,,,,,,,,,,
M&T Bank,48436,United States,US Bank,2021,1,M&T Bank,542667,Mt. McKinley Bank,Active,639498.0,500 4th Ave,Fairbanks,AK,99701.0,271341,"Peoples Bank, Mt. Washington",Active,121237.0,201 N Bardstown Rd,Mount Washington,KY,40047.0
M&T Bank,48436,United States,US Bank,2021,1,M&T Bank,542667,Mt. McKinley Bank,Active,639498.0,500 4th Ave,Fairbanks,AK,99701.0,271341,"Peoples Bank, Mt. Washington",Active,121237.0,201 N Bardstown Rd,Mount Washington,KY,40047.0
M&T Bank,48436,United States,US Bank,2021,1,M&T Bank,542667,Mt. McKinley Bank,Active,639498.0,500 4th Ave,Fairbanks,AK,99701.0,271341,"Peoples Bank, Mt. Washington",Active,121237.0,201 N Bardstown Rd,Mount Washington,KY,40047.0
First Bank NA,49164,United States,"Canadian Bank, Multinational Investment Bank & Financial Services, US Bank",2021,1,,,,,,,,,,,,,,,,,
Banc of California,127813,United States,"Canadian Bank, US Bank",2021,1,Banc of California,494261,Banc of California,Active,33923978.0,11611 San Vicente Blvd,Los Angeles,CA,90049.0,200378,"Banc of California, National Association",Inactive,9238916.0,3 Macarthur Pl,Santa Ana,CA,92707.0
Bank of California,47341,United States,"Asian Bank, Canadian Bank, US Bank",2021,1,Bank of California,388070,Bank of Southern California,Inactive,156519.0,1620 Fifth Avenue,San Diego,CA,92138.0,1443266,"Bank of America California, National Association",Active,15015000.0,555 California St,San Francisco,CA,94104.0
First Merchants Bank NA,58127,United States,"Canadian Bank, US Bank",2021,1,,,,,,,,,,,,,,,,,
Sterling National Bank,51544,United States,US Bank,2021,1,Sterling National Bank,761806,"Webster Bank, National Association",Active,83097405.0,1959 Summer St,Stamford,CT,6905.0,765505,Webster Five Cents Savings Bank,Active,1329695.0,136 Thompson Rd,Webster,MA,1570.0
Old National Bank,51679,United States,"Asian Bank, Canadian Bank, US Bank",2021,1,Old National Bank,208244,Old National Bank,Active,70996954.0,1 Main St,Evansville,IN,47708.0,936136,Old Second National Bank,Active,6981757.0,37 S River St,Aurora,IL,60506.0
Intrust Bank,51999,United States,"Canadian Bank, US Bank",2021,1,Intrust Bank,611657,Intrust Bank,Inactive,43058.0,142 North Ash Street,Valley Center,KS,67147.0,557858,"Intrust Bank, National Association",Active,6804229.0,105 N Main St,Wichita,KS,67202.0
Alliance Bank NA,53515,United States,"Asian Bank, Canadian Bank, US Bank",2021,1,,,,,,,,,,,,,,,,,
Transportation Alliance Bank,55146,United States,"Canadian Bank, US Bank",2021,1,Transportation Alliance Bank,2736219,"Transportation Alliance Bank, Inc. d/b/a TAB Bank",Active,1628722.0,4185 Harrison Blvd,Ogden,UT,84403.0,,,,,,,,
First Bank of Highland Park,60971,United States,"Canadian Bank, US Bank",2021,1,First Bank of Highland Park,,,,,,,,,,,,,,,,
Ally Bank,92462,United States,US Bank,2021,1,Ally Bank,3284070,Ally Bank,Active,180089000.0,200 W Civic Center Dr,Sandy,UT,84070.0,,,,,,,,
East West Bank,93936,United States,"Asian Bank, Canadian Bank, US Bank",2021,1,East West Bank,197478,East West Bank,Active,79081956.0,135 N Los Robles Ave,Pasadena,CA,91101.0,541165,"Eastwest Bank, National Association",Inactive,3754.0,1993 South Kihei Road,Kihei,HI,96753.0
East West Bank,93936,United States,"Asian Bank, Canadian Bank, US Bank",2021,1,East West Bank,197478,East West Bank,Active,79081956.0,135 N Los Robles Ave,Pasadena,CA,91101.0,541165,"Eastwest Bank, National Association",Inactive,3754.0,1993 South Kihei Road,Kihei,HI,96753.0
Texas Capital Bank NA,66827,United States,"Multinational Investment Bank & Financial Services, US Bank",2021,1,,,,,,,,,,,,,,,,,
Prosperity Bank,114808,United States,US Bank,2021,1,Prosperity Bank,664756,Prosperity Bank,Active,38360065.0,1301 N Mechanic St,El Campo,TX,77437.0,879532,Prosperity Bank,Inactive,747548.0,100 South Park Boulevard,Saint Augustine,FL,32086.0
Citi,13704,United States,"European Bank, Multinational Investment Bank & Financial Services",2021,1,,,,,,,,,,,,,,,,,
Comerica Bank NA,31838,United States,"Asian Bank, US Bank",2021,1,,,,,,,,,,,,,,,,,
JP Morgan Chase & Co,14262,United States,"European Bank, Multinational Investment Bank & Financial Services",2021,1,,,,,,,,,,,,,,,,,
Third Coast Bank SSB,163225,United States,US Bank,2021,1,,,,,,,,,,,,,,,,,
US Bank NA,32997,United States,"Asian Bank, Canadian Bank, European Bank, Japanese Bank, Latin America & Caribbean Bank, Multinational Investment Bank & Financial Services, US Bank",2021,1,,,,,,,,,,,,,,,,,
Webster Bank NA,48050,United States,US Bank,2021,1,,,,,,,,,,,,,,,,,
Texas Capital Bank,66826,United States,US Bank,2021,1,Texas Capital Bank,2618780,Texas Capital Bank,Active,32246474.0,2000 Mckinney Ave,Dallas,TX,75201.0,911254,"Texas Capital Bank, National Association",Inactive,172917.0,7909 Parkwood Circle Drive,Houston,TX,77036.0
Texas Capital Bank,66826,United States,US Bank,2021,1,Texas Capital Bank,2618780,Texas Capital Bank,Active,32246474.0,2000 Mckinney Ave,Dallas,TX,75201.0,911254,"Texas Capital Bank, National Association",Inactive,172917.0,7909 Parkwood Circle Drive,Houston,TX,77036.0
Associated Bank NA,52356,United States,"Asian Bank, US Bank",2021,1,,,,,,,,,,,,,,,,,
Citibank NA,29607,United States,Multinational Investment Bank & Financial Services,2021,1,,,,,,,,,,,,,,,,,
City National Bank,23674,United States,"Canadian Bank, European Bank, US Bank",2021,1,City National Bank,63069,City National Bank,Active,96473902.0,555 S Flower St,Los Angeles,CA,90071.0,814430,City National Bank of Florida,Active,27770671.0,25 W Flagler St,Miami,FL,33130.0
State Street Bank,88345,United States,"Multinational Investment Bank & Financial Services, US Bank",2021,1,State Street Bank,35301,State Street Bank and Trust Company,Active,366079000.0,One Congress Street,Boston,MA,2114.0,352745,State Street Bank and Trust Company,Active,340506.0,801 State St,Quincy,IL,62301.0
Regions Bank,49928,United States,"Farm Credit Bank, Multinational Investment Bank & Financial Services, US Bank",2021,1,Regions Bank,233031,Regions Bank,Active,158598000.0,1900 5th Ave N,Birmingham,AL,35203.0,1217533,Regions Bank,Inactive,3521230.0,"111 Green Street, S.E.",Gainesville,GA,30501.0
Regions Bank,49928,United States,"Farm Credit Bank, Multinational Investment Bank & Financial Services, US Bank",2021,1,Regions Bank,233031,Regions Bank,Active,158598000.0,1900 5th Ave N,Birmingham,AL,35203.0,1217533,Regions Bank,Inactive,3521230.0,"111 Green Street, S.E.",Gainesville,GA,30501.0
Huntington National Bank,17130,United States,US Bank,2021,1,Huntington National Bank,861564,Huntington National Bank,Inactive,89002.0,16531 Bolsa Chica Street,Huntington Beach,CA,92649.0,774431,Huntington National Bank West Virginia,Inactive,2175487.0,One Commerce Square,Charleston,WV,25301.0
Huntington National Bank,17130,United States,US Bank,2021,1,Huntington National Bank,861564,Huntington National Bank,Inactive,89002.0,16531 Bolsa Chica Street,Huntington Beach,CA,92649.0,774431,Huntington National Bank West Virginia,Inactive,2175487.0,One Commerce Square,Charleston,WV,25301.0
Goldman Sachs Bank USA,49902,United States,"Asian Bank, Multinational Investment Bank & Financial Services",2021,1,Goldman Sachs Bank USA,2182786,Goldman Sachs Bank USA,Active,644020000.0,200 West St,New York,NY,10282.0,3278305,Goldman Sachs Bank USA,Inactive,21630286.0,"295 Chipeta Way, 4th Floor",Salt Lake City,UT,84108.0
MUFG Union Bank NA,116485,United States,"Development Finance Institution, Diversified Financial Services Company, Japanese Bank",2021,1,,,,,,,,,,,,,,,,,
BOK Financial Corp,27214,United States,US Bank,2021,1,,,,,,,,,,,,,,,,,
Trustmark National Bank,51912,United States,US Bank,2021,1,Trustmark National Bank,,,,,,,,,,,,,,,,
Hickory Point Bank & Trust,89638,United States,US Bank,2021,1,Hickory Point Bank & Trust,550635,Hickory Point Bank and Trust,Active,721087.0,225 N Water St,Decatur,IL,62523.0,,,,,,,,
Signature Bank,49973,United States,"Multinational Investment Bank & Financial Services, US Bank",2021,1,Signature Bank,3437483,Signature Bank,Active,1960495.0,9450 Bryn Mawr Ave Ste 300,Rosemont,IL,60018.0,694904,"Flagstar Bank, National Association",Active,91593478.0,102 Duffy Ave,Hicksville,NY,11801.0
Great Southern Bank,54505,United States,US Bank,2021,1,Great Southern Bank,572374,Great Southern Bank,Active,5740564.0,14309 State Highway 13,Reeds Spring,MO,65737.0,101738,Great Southern Bank,Active,330371.0,218 22nd Ave S,Meridian,MS,39301.0
Eastern Bank,52557,United States,"Multinational Investment Bank & Financial Services, US Bank",2021,1,Eastern Bank,128904,Eastern Bank,Active,25448467.0,125 High St,Boston,MA,2110.0,643340,Eastern Michigan Bank,Active,560064.0,65 N Howard Ave,Croswell,MI,48422.0
People's United Bank,53373,United States,"Multinational Investment Bank & Financial Services, US Bank",2021,1,People's United Bank,613307,"People's United Bank, National Association",Inactive,62773810.0,850 Main St,Bridgeport,CT,6604.0,,,,,,,,
Citizens Financial Group,116754,United States,"Asset Manager, Canadian Bank, European Bank, US Bank",2021,1,Citizens Financial Group,163473,Citizens Financial Bank,Inactive,1117907.0,707 Ridge Road,Munster,IN,46321.0,891552,Citizens First Financial Bank,Inactive,89027.0,40 South Walnut Street,Dexter,MO,63841.0
Morgan Stanley Bank NA,103799,United States,"Asian Bank, Australian/New Zealand Bank, Canadian Bank, European Bank, Japanese Bank, Multinational Investment Bank & Financial Services, US Bank",2021,1,,,,,,,,,,,,,,,,,
HSBC Bank USA NA,50505,United States,"Asian Bank, Australian/New Zealand Bank, Canadian Bank, European Bank, Japanese Bank, Multinational Investment Bank & Financial Services, US Bank",2021,1,,,,,,,,,,,,,,,,,
Sunflower Bank,56663,United States,"Asset Manager, Canadian Bank, European Bank, US Bank",2021,1,Sunflower Bank,474759,"Sunflower Bank, National Association",Active,8482238.0,8117 Preston Rd,Dallas,TX,75225.0,,,,,,,,
BBVA Compass,57073,United States,"European Bank, US Bank",2021,1,BBVA Compass,817824,"PNC Bank, National Association",Active,563953196.0,222 Delaware Ave,Wilmington,DE,19801.0,940348,"PNC Bank, Kentucky, Inc.",Inactive,4877290.0,500 West Jefferson Street,Louisville,KY,40202.0
BankUnited NA,128659,United States,"Canadian Bank, Diversified Financial Services Company, European Bank, Multinational Investment Bank & Financial Services, US Bank",2021,1,,,,,,,,,,,,,,,,,
Hancock Whitney Bank,142472,United States,"Canadian Bank, Diversified Financial Services Company, European Bank, Multinational Investment Bank & Financial Services, US Bank",2021,1,Hancock Whitney Bank,463735,Hancock Whitney Bank,Active,35747114.0,2510 14th St,Gulfport,MS,39501.0,,,,,,,,
Bank of Oklahoma NA,20993,United States,"European Bank, US Bank",2021,1,,,,,,,,,,,,,,,,,
Fifth Third Bank,29604,United States,"Canadian Bank, Diversified Financial Services Company, European Bank, Multinational Investment Bank & Financial Services, US Bank",2021,1,Fifth Third Bank,976749,"FIFTH THIRD BANK, INDIANA",Inactive,2105919.0,120 Monument Circle,Indianapolis,IN,46204.0,723112,"Fifth Third Bank, National Association",Active,212207000.0,38 Fountain Square Plz,Cincinnati,OH,45202.0
First Midwest Bank,110446,United States,"Canadian Bank, Diversified Financial Services Company, European Bank, Multinational Investment Bank & Financial Services, US Bank",2021,1,First Midwest Bank,228158,First Midwest Bank of the Ozarks,Active,737702.0,704 N Westwood Blvd,Poplar Bluff,MO,63901.0,208244,Old National Bank,Active,70996954.0,1 Main St,Evansville,IN,47708.0
First Midwest Bank,110446,United States,"Canadian Bank, Diversified Financial Services Company, European Bank, Multinational Investment Bank & Financial Services, US Bank",2021,1,First Midwest Bank,228158,First Midwest Bank of the Ozarks,Active,737702.0,704 N Westwood Blvd,Poplar Bluff,MO,63901.0,208244,Old National Bank,Active,70996954.0,1 Main St,Evansville,IN,47708.0
KeyBank,51838,United States,"European Bank, Multinational Investment Bank & Financial Services, US Bank",2021,1,KeyBank,280110,KeyBank National Association,Active,184694965.0,127 Public Sq,Cleveland,OH,44114.0,43379,KeyBank National Association,Inactive,8098878.0,1119 Pacific Avenue,Tacoma,WA,98401.0
KeyBank,51838,United States,"European Bank, Multinational Investment Bank & Financial Services, US Bank",2021,1,KeyBank,280110,KeyBank National Association,Active,184694965.0,127 Public Sq,Cleveland,OH,44114.0,43379,KeyBank National Association,Inactive,8098878.0,1119 Pacific Avenue,Tacoma,WA,98401.0
KeyBank,51838,United States,"European Bank, Multinational Investment Bank & Financial Services, US Bank",2021,1,KeyBank,280110,KeyBank National Association,Active,184694965.0,127 Public Sq,Cleveland,OH,44114.0,43379,KeyBank National Association,Inactive,8098878.0,1119 Pacific Avenue,Tacoma,WA,98401.0
Synovus Bank,103840,United States,"Canadian Bank, Diversified Financial Services Company, European Bank, Multinational Investment Bank & Financial Services, US Bank",2021,1,Synovus Bank,395238,Synovus Bank,Active,60332869.0,33 W 14th St.,Columbus,GA,31901.0,2458119,Synovus Bank,Inactive,1334461.0,12450 Roosevelt Boulevard North,Saint Petersburg,FL,33716.0
First Horizon Bank,73447,United States,"Canadian Bank, Diversified Financial Services Company, European Bank, Multinational Investment Bank & Financial Services, US Bank",2021,1,First Horizon Bank,485559,First Horizon Bank,Active,82886598.0,165 Madison Ave,Memphis,TN,38103.0,,,,,,,,
South State Bank,116737,United States,"Canadian Bank, Multinational Investment Bank & Financial Services, US Bank",2021,1,South State Bank,74056,South Central State Bank,Active,186057.0,673 Broad St,Campbell,NE,68932.0,1929247,"SouthState Bank, National Association",Active,66027921.0,1101 1st St S,Winter Haven,FL,33880.0
Santander Bank NA,111453,United States,"Asian Bank, Business Corporation, European Bank, Japanese Bank, US Bank",2021,1,,,,,,,,,,,,,,,,,
Morgan Stanley Bank,92232,United States,"Asset Manager, Multinational Investment Bank & Financial Services, Other",2021,1,Morgan Stanley Bank,1456501,"Morgan Stanley Bank, National Association",Active,249681000.0,201 S Main St Fl 5,Salt Lake City,UT,84111.0,2489805,"Morgan Stanley Private Bank, National Association",Active,240201000.0,2000 Westchester Ave,Purchase,NY,10577.0
Morgan Stanley Bank,92232,United States,"Asset Manager, Multinational Investment Bank & Financial Services, Other",2021,1,Morgan Stanley Bank,1456501,"Morgan Stanley Bank, National Association",Active,249681000.0,201 S Main St Fl 5,Salt Lake City,UT,84111.0,2489805,"Morgan Stanley Private Bank, National Association",Active,240201000.0,2000 Westchester Ave,Purchase,NY,10577.0
Wintrust Financial Corp,42405,United States,"Canadian Bank, Multinational Investment Bank & Financial Services, US Bank",2021,1,,,,,,,,,,,,,,,,,
Umpqua Bank,60043,United States,US Bank,2021,1,Umpqua Bank,845377,Umpqua National Bank,Inactive,,Main Street,Reedsport,OR,97467.0,,,,,,,,
Western Alliance Bancorp,104660,United States,"Canadian Bank, Multinational Investment Bank & Financial Services, US Bank",2021,1,,,,,,,,,,,,,,,,,
Zions Bancorporation,120947,United States,"Canadian Bank, Multinational Investment Bank & Financial Services, US Bank",2021,1,Zions Bancorporation,276579,"Zions Bancorporation, N.A.",Active,88533079.0,1 S Main St,Salt Lake City,UT,84133.0,,,,,,,,
Vectra Banking Corp,66153,United States,"Canadian Bank, Multinational Investment Bank & Financial Services, US Bank",2021,1,,,,,,,,,,,,,,,,,
Zions Bank,72806,United States,"Canadian Bank, Multinational Investment Bank & Financial Services, US Bank",2021,1,Zions Bank,399375,Zions First National Bank of Ogden,Inactive,,2350 Washington Boulevard,Ogden,UT,84402.0,926379,Zions First National Bank of Cedar City,Inactive,,176 South Main Street,Cedar City,UT,84720.0
HomeTrust Bank,150365,United States,"Canadian Bank, Multinational Investment Bank & Financial Services, US Bank",2021,1,HomeTrust Bank,212577,HomeTrust Bank,Active,4591360.0,10 Woodfin St,Asheville,NC,28801.0,,,,,,,,
Ameris Bancorp,49355,United States,"Canadian Bank, Multinational Investment Bank & Financial Services, US Bank",2021,1,Ameris Bancorp,,,,,,,,,,,,,,,,
First National Bank of Pennsylvania,51959,United States,"Canadian Bank, Multinational Investment Bank & Financial Services, US Bank",2021,1,First National Bank of Pennsylvania,379920,First National Bank of Pennsylvania,Active,49665430.0,166 Main St,Greenville,PA,16125.0,,,,,,,,
First National Bank,52133,United States,"Canadian Bank, Multinational Investment Bank & Financial Services, US Bank",2021,1,First National Bank,388155,First Texoma National Bank,Active,221777.0,220 W Main St,Durant,OK,74701.0,236153,First International Bank & Trust,Active,5680943.0,100 N Main St,Watford City,ND,58854.0
United Bank,52641,United States,"Canadian Bank, Multinational Investment Bank & Financial Services, US Bank",2021,1,United Bank,659556,United State Bank,Active,288929.0,102 W Main St,Lewistown,MO,63452.0,150044,United Bank of Michigan,Active,1068603.0,900 East Paris Ave Se,Grand Rapids,MI,49546.0
Vectra Bank of Colorado NA,78944,United States,"Canadian Bank, Multinational Investment Bank & Financial Services, US Bank",2021,1,,,,,,,,,,,,,,,,,
Woodforest National Bank,110740,United States,"Canadian Bank, Multinational Investment Bank & Financial Services, US Bank",2021,1,Woodforest National Bank,412751,Woodforest National Bank,Active,9302375.0,1330 Lake Robbins Dr,The Woodlands,TX,77380.0,,,,,,,,
Woodforest National Bank,110740,United States,"Canadian Bank, Multinational Investment Bank & Financial Services, US Bank",2021,1,Woodforest National Bank,412751,Woodforest National Bank,Active,9302375.0,1330 Lake Robbins Dr,The Woodlands,TX,77380.0,,,,,,,,
Atlantic Union Bank,146835,United States,"Canadian Bank, Multinational Investment Bank & Financial Services, US Bank",2021,1,Atlantic Union Bank,693224,Atlantic Union Bank,Active,36991202.0,1051 E Cary St,Richmond City,VA,23219.0,,,,,,,,
Bank OZK,164651,United States,"Canadian Bank, Multinational Investment Bank & Financial Services, US Bank",2021,1,Bank OZK,107244,Bank OZK,Active,41606548.0,18000 Cantrell Rd,Little Rock,AR,72223.0,,,,,,,,
CB&S Bank,164698,United States,"Canadian Bank, Multinational Investment Bank & Financial Services, US Bank",2021,1,CB&S Bank,594433,"CB&S Bank, Inc.",Active,2832355.0,201 Jackson Ave S,Russellville,AL,35653.0,,,,,,,,
First Citizens Bank & Trust,34737,United States,"Canadian Bank, Multinational Investment Bank & Financial Services, US Bank",2021,1,First Citizens Bank & Trust,491224,First-Citizens Bank & Trust Company,Active,233167000.0,239 Fayetteville St,Raleigh,NC,27601.0,794831,First Citizens Bank & Trust Company,Inactive,126549.0,1 East Main Street,White Sulphur Springs,WV,24986.0
New York Community Bank,55298,United States,"Canadian Bank, Multinational Investment Bank & Financial Services, US Bank",2021,1,New York Community Bank,694904,New York Community Bank,Inactive,62909410.0,102 Duffy Ave,Hicksville,NY,11801.0,,,,,,,,
IDB Bank,56903,United States,"Canadian Bank, Multinational Investment Bank & Financial Services, US Bank",2021,1,IDB Bank,,,,,,,,,,,,,,,,
Capital Bank NA,60367,United States,"Asian Bank, Canadian Bank, European Bank, Farm Credit Bank, Japanese Bank, Multinational Investment Bank & Financial Services, US Bank",2021,1,,,,,,,,,,,,,,,,,
FirstBank Florida,111795,United States,"Asian Bank, Canadian Bank, European Bank, Farm Credit Bank, Multinational Investment Bank & Financial Services, US Bank",2021,1,FirstBank Florida,481074,FirstBank Florida,Inactive,936417.0,"701 Waterford Way, Bldg. 1, Suite 800",Miami,FL,33126.0,,,,,,,,
Northern Trust Co,34537,United States,"Asian Bank, Canadian Bank, European Bank, Farm Credit Bank, Multinational Investment Bank & Financial Services, US Bank",2021,1,,,,,,,,,,,,,,,,,
Huntington Bank,17131,United States,"Asian Bank, Canadian Bank, European Bank, Farm Credit Bank, Japanese Bank, Multinational Investment Bank & Financial Services, US Bank",2021,1,,,,,,,,,,,,,,,,,
Bank United,45678,United States,"Asian Bank, Canadian Bank, European Bank, Farm Credit Bank, Multinational Investment Bank & Financial Services, US Bank",2021,1,Bank United,1363319,Bank United,Inactive,18646936.0,3200 Southwest Freeway,Houston,TX,77027.0,3938186,"BankUnited, National Association",Active,35065427.0,14817 Oak Ln,Miami Lakes,FL,33016.0
First Hawaiian Bank,51055,United States,"Asian Bank, Canadian Bank, European Bank, Farm Credit Bank, Multinational Investment Bank & Financial Services, US Bank",2021,1,First Hawaiian Bank,980661,First Hawaiian Bank,Active,24101748.0,999 Bishop St,Honolulu,HI,96813.0,,,,,,,,
Central Pacific Bank,52562,United States,"Asian Bank, Canadian Bank, European Bank, Farm Credit Bank, Japanese Bank, Multinational Investment Bank & Financial Services, US Bank",2021,1,Central Pacific Bank,701062,Central Pacific Bank,Active,7415416.0,220 S King St,Honolulu,HI,96813.0,,,,,,,,
First Florida Bank,56870,United States,"Asian Bank, Canadian Bank, European Bank, Farm Credit Bank, Japanese Bank, Multinational Investment Bank & Financial Services, US Bank",2021,1,First Florida Bank,686132,First Northwest Florida Bank,Inactive,34464.0,768 North Beal Parkway,Fort Walton Beach,FL,32548.0,233031,Regions Bank,Active,158598000.0,1900 5th Ave N,Birmingham,AL,35203.0
Atlantic Capital Bank,61668,United States,"Asian Bank, Canadian Bank, European Bank, Farm Credit Bank, Japanese Bank, Multinational Investment Bank & Financial Services, US Bank",2021,1,Atlantic Capital Bank,3555695,Atlantic Capital Bank,Inactive,1381673.0,"3280 Peachtree Road, Suite 1600",Atlanta,GA,30305.0,1929247,"SouthState Bank, National Association",Active,66027921.0,1101 1st St S,Winter Haven,FL,33880.0
Mabrey Bank,126428,United States,"European Bank, US Bank",2021,1,Mabrey Bank,139553,Mabrey Bank,Active,1853339.0,14821 S Memorial Dr,Bixby,OK,74008.0,,,,,,,,
Commerce Bank NA,52309,United States,"European Bank, US Bank",2021,1,,,,,,,,,,,,,,,,,
Vast Bank,154183,United States,"European Bank, US Bank",2021,1,Vast Bank,347956,"Vast Bank, National Association",Active,570829.0,110 N Elgin Ave,Tulsa,OK,74120.0,,,,,,,,
Firstbank Southwest,161577,United States,"European Bank, US Bank",2021,1,Firstbank Southwest,840363,FirstBank Southwest,Active,1859619.0,2401 S Georgia St,Amarillo,TX,79109.0,357759,FirstBank Southwest,Inactive,115307.0,2201 Civic Circle,Amarillo,TX,79109.0
UMB Bank,52946,United States,US Bank,2021,1,UMB Bank,890041,"UMB Bank, Boonville",Inactive,38989.0,401 Main Street,Boonville,MO,65233.0,936855,"UMB Bank, National Association",Active,71519137.0,1010 Grand Blvd,Kansas City,MO,64106.0
UMB Bank,52946,United States,US Bank,2021,1,UMB Bank,890041,"UMB Bank, Boonville",Inactive,38989.0,401 Main Street,Boonville,MO,65233.0,936855,"UMB Bank, National Association",Active,71519137.0,1010 Grand Blvd,Kansas City,MO,64106.0
Customers Bank,113348,United States,"Business Corporation, Japanese Bank, Multinational Investment Bank & Financial Services, US Bank",2021,1,Customers Bank,2354985,Customers Bank,Active,24261355.0,40 General Warren Blvd,Malvern,PA,19355.0,,,,,,,,
NBH Bank NA,113691,United States,"Business Corporation, Japanese Bank, Multinational Investment Bank & Financial Services, US Bank",2021,1,,,,,,,,,,,,,,,,,
BancorpSouth Bank,122664,United States,"Canadian Bank, Multinational Investment Bank & Financial Services, US Bank",2021,1,BancorpSouth Bank,606046,Cadence Bank,Active,53282352.0,201 S Spring St,Tupelo,MS,38804.0,4262534,"Cadence Bank, N.A.",Inactive,19735912.0,1349 W Peachtree St Nw,Atlanta,GA,30309.0
TIAA FSB Holdings Inc,140299,United States,"Business Corporation, Japanese Bank, Multinational Investment Bank & Financial Services, US Bank",2021,1,,,,,,,,,,,,,,,,,
First Financial Bank,77777,United States,US Bank,2021,1,First Financial Bank,292234,First Financial Bank,Active,242019.0,1630 4th Ave N,Bessemer,AL,35020.0,165628,First Financial Bank,Active,18457048.0,255 E 5th St,Cincinnati,OH,45202.0
JPMorgan Chase Bank National Association,108563,United States,"Canadian Bank, Multinational Investment Bank & Financial Services, US Bank",2021,1,,,,,,,,,,,,,,,,,
Live Oak Bank,142907,United States,US Bank,2021,1,Live Oak Bank,3650808,Live Oak Banking Company,Active,14581672.0,1757 Tiburon Dr,Wilmington,NC,28403.0,3035759,Live Oak State Bank,Inactive,122130.0,3206 Live Oak,Dallas,TX,75204.0
First Foundation Bank,144667,United States,"Business Corporation, Japanese Bank, Multinational Investment Bank & Financial Services, US Bank",2021,1,First Foundation Bank,3637685,First Foundation Bank,Active,11886084.0,18101 Von Karman Ave,Irvine,CA,92612.0,,,,,,,,
Raymond James Bank NA,111253,United States,"Canadian Bank, Diversified Financial Services Company, European Bank, Multinational Investment Bank & Financial Services, US Bank",2021,1,,,,,,,,,,,,,,,,,
Stifel Bank & Trust,56733,United States,"Diversified Financial Services Company, Multinational Investment Bank & Financial Services, Private Equity, US Bank",2021,1,Stifel Bank & Trust,3076248,Stifel Bank and Trust,Active,19672298.0,501 N Broadway,Saint Louis,MO,63102.0,2713920,"Stifel Trust Company, National Association",Active,926168.0,501 N Broadway,Saint Louis,MO,63102.0
IberiaBank,47387,United States,"Multinational Investment Bank & Financial Services, US Bank",2021,1,IberiaBank,808176,Iberiabank,Inactive,34581511.0,200 West Congress Street,Lafayette,LA,70501.0,485559,First Horizon Bank,Active,82886598.0,165 Madison Ave,Memphis,TN,38103.0
Bank of New York Mellon,50203,United States,"Asian Bank, Australian/New Zealand Bank, Canadian Bank, European Bank, Japanese Bank, Multinational Investment Bank & Financial Services, US Bank",2021,1,Bank of New York Mellon,541101,The Bank of New York Mellon,Active,366502000.0,240 E Greenwich St,New York,NY,10007.0,398668,"The Bank of New York Mellon Trust Company, National Association",Active,1337285.0,333 S Hope St,Los Angeles,CA,90071.0
UMB Bank NA,52947,United States,"Canadian Bank, Multinational Investment Bank & Financial Services, US Bank",2021,1,,,,,,,,,,,,,,,,,
Enterprise Bank & Trust Co,90454,United States,,2021,1,,,,,,,,,,,,,,,,,
Boston Private Bank & Trust,59990,United States,"Diversified Financial Services Company, US Bank",2021,1,Boston Private Bank & Trust,491224,First-Citizens Bank & Trust Company,Active,233167000.0,239 Fayetteville St,Raleigh,NC,27601.0,978118,First Citizens Community Bank,Active,3051688.0,15 S Main St,Mansfield,PA,16933.0
Pacific Premier Bank,130824,United States,"Japanese Bank, US Bank",2021,1,Pacific Premier Bank,431172,"Pacific Premier Bank, National Association",Inactive,17783977.0,17901 Von Karman Ave,Irvine,CA,92614.0,,,,,,,,
Regions,119466,United States,"Canadian Bank, European Bank, Farm Credit Bank, US Bank",2021,1,,,,,,,,,,,,,,,,,
Farmers & Merchant Bank,87033,United States,Multinational Investment Bank & Financial Services,2021,1,,,,,,,,,,,,,,,,,
Merchants Bank of Indiana,157041,United States,US Bank,2021,1,Merchants Bank of Indiana,963945,Merchants Bank of Indiana,Active,19296676.0,410 Monon Blvd,Carmel,IN,46032.0,,,,,,,,
BankFinancial,156965,United States,Canadian Bank,2021,1,BankFinancial,454676,"BankFinancial, National Association",Active,1448147.0,21110 Western Ave,Olympia Fields,IL,60461.0,,,,,,,,
Popular Bank,123814,United States,US Bank,2021,1,Popular Bank,2736291,Popular Bank,Active,14939674.0,85 Broad St,New York,NY,10004.0,,,,,,,,
Metropolitan Commercial Bank,134573,United States,US Bank,2021,1,Metropolitan Commercial Bank,2705895,Metropolitan Commercial Bank,Active,8233294.0,99 Park Ave,New York,NY,10016.0,,,,,,,,
Veritex Community Bank,138186,United States,US Bank,2021,1,Veritex Community Bank,3221468,Veritex Community Bank,Inactive,12714902.0,8214 Westchester Dr,Dallas,TX,75225.0,,,,,,,,
Dominion Bank,61188,United States,US Bank,2021,1,Dominion Bank,404653,Dominion Bank,Active,636520.0,17304 Preston Rd,Dallas,TX,75252.0,451965,"Wells Fargo Bank, National Association",Active,1767105000.0,3201 N 4th Ave,Sioux Falls,SD,57104.0
Independent Bank (TIB),32226,United States,US Bank,2021,1,,,,,,,,,,,,,,,,,
Lake Forest Bank & Trust,53070,United States,US Bank,2021,1,Lake Forest Bank & Trust,1917301,"Lake Forest Bank & Trust Company, National Association",Active,9241590.0,727 N Bank Ln,Lake Forest,IL,60045.0,2239288,"Wintrust Bank, National Association",Active,9404818.0,231 S La Salle St,Chicago,IL,60604.0
Amarillo National Bank,53112,United States,"Canadian Bank, Multinational Investment Bank & Financial Services, US Bank",2021,1,Amarillo National Bank,353555,Amarillo National Bank,Active,9961105.0,410 S Taylor St,Amarillo,TX,79101.0,,,,,,,,
Manufacturers Bank,50208,United States,"Multinational Investment Bank & Financial Services, US Bank",2021,1,Manufacturers Bank,81634,Manufacturers Bank,Inactive,514793.0,1200 North Ashland Avenue,Chicago,IL,60622.0,678137,Manufacturers Bank,Inactive,1657377.0,1200 North Ashland Avenue,Chicago,IL,60622.0
First Independence Bank,167023,United States,"Multinational Investment Bank & Financial Services, US Bank",2021,1,First Independence Bank,254849,First Independence Bank,Active,699585.0,7310 Woodward Ave,Detroit,MI,48202.0,68336,First Independence Bank of Florida,Inactive,65048.0,"16740 San Carlos Boulevard, S.W.",Fort Myers,FL,33908.0
Capital One Bank,46962,United States,"Canadian Bank, Farm Credit Bank, US Bank",2021,1,Capital One Bank,2253891,"Capital One Bank (USA), National Association",Inactive,127600243.0,4851 Cox Rd,Glen Allen,VA,23060.0,,,,,,,,
Northwest Bank & Trust Co,30403,United States,"Multinational Investment Bank & Financial Services, US Bank",2021,1,,,,,,,,,,,,,,,,,
Valley National Bank,50512,United States,"Multinational Investment Bank & Financial Services, US Bank",2021,1,Valley National Bank,229801,Valley National Bank,Active,62959203.0,615 Main Ave,Passaic,NJ,7055.0,795865,"Valley National Bank, Glendale",Inactive,250743.0,420 North Brand Boulevard,Glendale,CA,91209.0
Manufacturers and Traders Trust Company,118934,United States,"Multinational Investment Bank & Financial Services, US Bank",2021,1,,,,,,,,,,,,,,,,,
Manufacturers & Traders Trust Co,24589,United States,"Multinational Investment Bank & Financial Services, US Bank",2021,1,,,,,,,,,,,,,,,,,
Howard Bank,49665,United States,"Multinational Investment Bank & Financial Services, US Bank",2021,1,Howard Bank,3282852,Howard Bank,Inactive,2476127.0,3301 Boston Street,Baltimore,MD,21224.0,951371,Howard Savings Bank,Inactive,9403.0,1700 Milwaukee Avenue,Glenview,IL,60025.0
Beal Bank SSB,92618,United States,"Canadian Bank, Japanese Bank, Multinational Investment Bank & Financial Services",2021,1,,,,,,,,,,,,,,,,,
Leaders Bank,52630,United States,Canadian Bank,2021,1,Leaders Bank,625252,"Leadership Bank, National Association",Inactive,1886.0,211 Park Avenue,Oklahoma City,OK,73125.0,,,,,,,,
Apple Bank for Savings,59494,United States,"Asian Bank, Canadian Bank, European Bank, Japanese Bank, Multinational Investment Bank & Financial Services, US Bank",2021,1,Apple Bank for Savings,,,,,,,,,,,,,,,,
Apple Bank for Savings,59494,United States,"Asian Bank, Canadian Bank, European Bank, Japanese Bank, Multinational Investment Bank & Financial Services, US Bank",2021,1,Apple Bank for Savings,,,,,,,,,,,,,,,,
Washington Federal Savings Bank,92959,United States,"Multinational Investment Bank & Financial Services, US Bank",2021,1,Washington Federal Savings Bank,867472,Washington Federal Savings Bank,Inactive,815768.0,570 Herndon Parkway,Herndon,VA,22070.0,644879,Washington Federal Savings Bank,Inactive,295753.0,200 E Chestnut St,Stillwater,MN,55082.0
Bank of Oklahoma,20992,United States,US Bank,2021,1,Bank of Oklahoma,285058,Bank of Oklahoma Grove,Inactive,47429.0,210 South Main Street,Grove,OK,74344.0,175056,Bank of Western Oklahoma,Active,442718.0,201 E Broadway Ave,Elk City,OK,73644.0
Bank of Oklahoma,20992,United States,US Bank,2021,1,Bank of Oklahoma,285058,Bank of Oklahoma Grove,Inactive,47429.0,210 South Main Street,Grove,OK,74344.0,175056,Bank of Western Oklahoma,Active,442718.0,201 E Broadway Ave,Elk City,OK,73644.0
National Bank of Indianapolis,57751,United States,US Bank,2021,1,National Bank of Indianapolis,2132941,The National Bank of Indianapolis,Active,2952343.0,107 N Pennsylvania St,Indianapolis,IN,46204.0,,,,,,,,
Arvest Bank,90419,United States,US Bank,2021,1,Arvest Bank,311845,Arvest Bank,Active,27349420.0,75 N East Ave,Fayetteville,AR,72701.0,970242,Arvest Bank,Inactive,652970.0,201 West Walnut Street,Rogers,AR,72756.0
Northern Trust Corp,12941,United States,"European Bank, Japanese Bank, Multinational Investment Bank & Financial Services",2021,1,,,,,,,,,,,,,,,,,
Bank of Texas NA,62037,United States,"Asian Bank, Multinational Investment Bank & Financial Services, US Bank",2021,1,,,,,,,,,,,,,,,,,
Heritage Bank SSB,75373,United States,Canadian Bank,2021,1,,,,,,,,,,,,,,,,,
Amegy Bank NA,49942,United States,"Multinational Investment Bank & Financial Services, US Bank",2021,1,,,,,,,,,,,,,,,,,
California Bank & Trust,48989,United States,"Diversified Financial Services Company, US Bank",2021,1,California Bank & Trust,837260,California Bank & Trust,Inactive,11960432.0,"11622 El Camino Real, Suite 200",San Diego,CA,92130.0,,,,,,,,
Civista Bank,121114,United States,US Bank,2021,1,Civista Bank,542528,Civista Bank,Active,4105295.0,100 E Water St,Sandusky,OH,44870.0,,,,,,,,
VNB New York,132414,United States,"Asian Bank, Multinational Investment Bank & Financial Services, US Bank",2021,1,VNB New York,633378,Kearny Bank,Active,7633562.0,614 Kearny Ave,Kearny,NJ,7032.0,,,,,,,,
Axos Bank,149089,United States,"Asian Bank, Multinational Investment Bank & Financial Services, US Bank",2021,1,Axos Bank,2917317,Axos Bank,Active,26345444.0,4350 La Jolla Village Dr,San Diego,CA,92122.0,,,,,,,,
Cathay Bank,52281,United States,US Bank,2021,1,Cathay Bank,595869,Cathay Bank,Active,24059479.0,777 N Broadway,Los Angeles,CA,90012.0,,,,,,,,
Wilmington Trust National Association,109182,United States,"Diversified Financial Services Company, Private Equity",2021,1,,,,,,,,,,,,,,,,,
Flushing Bank,105086,United States,US Bank,2021,1,Flushing Bank,959304,Flushing Bank,Active,8872087.0,260e Rxr Plz,Uniondale,NY,11556.0,694904,"Flagstar Bank, National Association",Active,91593478.0,102 Duffy Ave,Hicksville,NY,11801.0
Bankers Trust Co,16736,United States,"Canadian Bank, US Bank",2021,1,,,,,,,,,,,,,,,,,
Montgomery Bank,110493,United States,"Canadian Bank, US Bank",2021,1,Montgomery Bank,613558,Montgomery Bank,Active,1206726.0,1 Montgomery Bank Plaza St,Sikeston,MO,63801.0,982731,Montgomery Bank & Trust,Inactive,153208.0,Lee And Gum Streets,Ailey,GA,30410.0
MVB Bank Inc,121719,United States,"Asian Bank, US Bank",2021,1,,,,,,,,,,,,,,,,,
Bankwell Financial Group,144069,United States,"Asian Bank, US Bank",2021,1,Bankwell Financial Group,,,,,,,,,,,,,,,,
Solera Bank,152803,United States,US Bank,2021,1,Solera Bank,3397233,Solera National Bank,Active,1168621.0,319 S Sheridan Blvd,Lakewood,CO,80226.0,491224,First-Citizens Bank & Trust Company,Active,233167000.0,239 Fayetteville St,Raleigh,NC,27601.0
Dime Community Bank,167787,United States,US Bank,2021,1,Dime Community Bank,23504,Dime Community Bank,Active,14528464.0,898 Veterans Memorial Hwy,Hauppauge,NY,11788.0,924405,Dime Community Bank,Inactive,6775780.0,149 Kent Avenue,Brooklyn,NY,11249.0
Everbank NA,183900,United States,US Bank,2021,1,,,,,,,,,,,,,,,,,
TCF Financial Corp,23887,United States,"Canadian Bank, US Bank",2021,1,,,,,,,,,,,,,,,,,
Investors Bank & Trust Co,50765,United States,US Bank,2021,1,,,,,,,,,,,,,,,,,
Dime Commercial Corp,66742,United States,US Bank,2021,1,,,,,,,,,,,,,,,,,
Cambridge Savings Bank,79756,United States,US Bank,2021,1,Cambridge Savings Bank,758703,Cambridge Savings Bank,Active,6950279.0,1374 Massachusetts Ave,Cambridge,MA,2138.0,,,,,,,,
WSFS Bank,80687,United States,US Bank,2021,1,WSFS Bank,,,,,,,,,,,,,,,,
Wilmington Savings Fund Society,87204,United States,US Bank,2021,1,Wilmington Savings Fund Society,437914,"Wilmington Savings Fund Society, FSB",Active,20758310.0,500 Delaware Ave,Wilmington,DE,19801.0,,,,,,,,
Bank Leumi Trust,68336,United States,US Bank,2021,1,Bank Leumi Trust,,,,,,,,,,,,,,,,
Israel Discount Bank of New York Inc [IDBNY],52643,United States,"Asian Bank, US Bank",2021,1,,,,,,,,,,,,,,,,,
Compass Bank,38705,United States,US Bank,2021,1,Compass Bank,373272,Compass Savings Bank,Active,57935.0,111 Westinghouse Ave,Wilmerding,PA,15148.0,817824,"PNC Bank, National Association",Active,563953196.0,222 Delaware Ave,Wilmington,DE,19801.0
ServisFirst Bank,55409,United States,US Bank,2021,1,ServisFirst Bank,3348888,ServisFirst Bank,Active,17582987.0,2500 Woodcrest Pl,Birmingham,AL,35209.0,,,,,,,,
Century Bank,89600,United States,US Bank,2021,1,Century Bank,58636,Century Bank,Active,550820.0,4282 Main St,Lucedale,MS,39452.0,128904,Eastern Bank,Active,25448467.0,125 High St,Boston,MA,2110.0
Centennial Bank,181472,United States,"Japanese Bank, US Bank",2021,1,Centennial Bank,456045,Centennial Bank,Active,22542008.0,620 Chestnut St,Conway,AR,72032.0,531250,Centennial Bank,Active,835475.0,5420 Broad St S,Trezevant,TN,38258.0
Centennial Bank Holdings Inc,49596,United States,"Asset Manager, Japanese Bank, US Bank",2021,1,,,,,,,,,,,,,,,,,
Wheaton Bank & Trust,113380,United States,"Canadian Bank, Multinational Investment Bank & Financial Services, US Bank",2021,1,Wheaton Bank & Trust,2044811,"Wheaton Bank & Trust, National Association",Active,4187921.0,100 N Wheaton Ave,Wheaton,IL,60187.0,,,,,,,,
Bridge Bank NA,47678,United States,"Multinational Investment Bank & Financial Services, US Bank",2021,1,,,,,,,,,,,,,,,,,
Brown Brothers Harriman & Co,77773,United States,"Canadian Bank, Multinational Investment Bank & Financial Services, US Bank",2021,1,Brown Brothers Harriman & Co,,,,,,,,,,,,,,,,
Wilmington Trust Co,1666,United States,"European Bank, US Bank",2021,1,,,,,,,,,,,,,,,,,
Wilmington Bank,55289,United States,,2021,1,Wilmington Bank,87476,The Wilmington Savings Bank,Active,258777.0,184 N South St,Wilmington,OH,45177.0,437914,"Wilmington Savings Fund Society, FSB",Active,20758310.0,500 Delaware Ave,Wilmington,DE,19801.0
CenterState Bank,139805,United States,"Canadian Bank, US Bank",2021,1,CenterState Bank,2905538,CenterState Bank of Florida,Inactive,181447.0,1101 First Street South,Winter Haven,FL,33880.0,1929247,"SouthState Bank, National Association",Active,66027921.0,1101 1st St S,Winter Haven,FL,33880.0
SouthState Bank NA,177049,United States,"Canadian Bank, US Bank",2021,1,,,,,,,,,,,,,,,,,
Heartland Financial USA Inc,48952,United States,"Canadian Bank, US Bank",2021,1,,,,,,,,,,,,,,,,,
People's Bank,23078,United States,"Multinational Investment Bank & Financial Services, US Bank",2021,1,People's Bank,2661861,People's Bank of Commerce,Active,810393.0,1528 Biddle Rd,Medford,OR,97504.0,2396592,People's Bank of Seneca,Active,458797.0,1615 Cherokee Ave,Seneca,MO,64865.0
Bank of Blue Valley,59026,United States,"Canadian Bank, US Bank",2021,1,Bank of Blue Valley,680354,Bank of Blue Valley,Inactive,1433092.0,11935 Riley St,Overland Park,KS,66213.0,1421161,Bank of Blue Valley,Inactive,711622.0,11935 Riley Street,Overland Park,KS,66213.0
Pacific Western Bank,88609,United States,"Asian Bank, Multinational Investment Bank & Financial Services, US Bank",2021,1,Pacific Western Bank,356864,Pacific Western Bank,Inactive,1059421.0,333 West Santa Clara Street,San Jose,CA,95113.0,494261,Banc of California,Active,33923978.0,11611 San Vicente Blvd,Los Angeles,CA,90049.0
Santa Lucia National Bank,64085,United States,"European Bank, Latin America & Caribbean Bank, Multinational Investment Bank & Financial Services",2021,1,Santa Lucia National Bank,,,,,,,,,,,,,,,,
Emigrant Bank,50425,United States,"Multinational Investment Bank & Financial Services, US Bank",2021,1,Emigrant Bank,137915,Emigrant Bank,Active,5800556.0,201 S Biscayne Blvd,Miami,FL,33131.0,3268173,Emigrant Mercantile Bank,Active,3493.0,6 E 43rd St,New York,NY,10017.0
First Eagle Bank,62694,United States,"BDC, Diversified Financial Services Company",2021,1,First Eagle Bank,759045,First Eagle  Bank,Active,617101.0,1201 W Madison St,Chicago,IL,60607.0,,,,,,,,
State Street Bank & Trust Co,17121,United States,"Multinational Investment Bank & Financial Services, US Bank",2021,1,,,,,,,,,,,,,,,,,
Wesbanco Bank Inc,90375,United States,"Asian Bank, US Bank",2021,1,,,,,,,,,,,,,,,,,
Old Second National Bank,169497,United States,"Canadian Bank, US Bank",2021,1,Old Second National Bank,936136,Old Second National Bank,Active,6981757.0,37 S River St,Aurora,IL,60506.0,,,,,,,,
Old Second National Bank,169497,United States,"Canadian Bank, US Bank",2021,1,Old Second National Bank,936136,Old Second National Bank,Active,6981757.0,37 S River St,Aurora,IL,60506.0,,,,,,,,
Byline Bank,119902,United States,US Bank,2021,1,Byline Bank,129732,Byline Bank,Active,9791356.0,180 N La Salle St,Chicago,IL,60601.0,,,,,,,,
Bank of New York,50202,United States,"Canadian Bank, Multinational Investment Bank & Financial Services, US Bank",2021,1,Bank of New York,1412637,Bank of Bermuda (New York) Limited,Inactive,10898.0,"570 Lexington Avenue, 25th Floor",New York City,NY,10022.0,252210,Bankers Trust Company of Central New York,Inactive,,185 Genesee Street,Utica,NY,13501.0
Hancock Bank,77767,United States,"Asset Manager, Diversified Financial Services Company",2021,1,Hancock Bank,463735,Hancock Whitney Bank,Active,35747114.0,2510 14th St,Gulfport,MS,39501.0,888271,"Hancock County Savings Bank, F.S.B.",Active,481808.0,351 Carolina Ave,Chester,WV,26034.0
BOKF NA,53847,United States,"Asian Bank, European Bank, Japanese Bank, Multinational Investment Bank & Financial Services, US Bank",2021,1,,,,,,,,,,,,,,,,,
TCF National Bank,51681,United States,US Bank,2021,1,TCF National Bank,266271,TCF National Bank,Inactive,49421342.0,2508 South Louise Avenue,Sioux Falls,SD,57106.0,646976,TCF NATIONAL BANK ILLINOIS,Inactive,3553786.0,800 Burr Ridge Parkway,Burr Ridge,IL,60521.0
Fulton Bank,51668,United States,"Multinational Investment Bank & Financial Services, US Bank",2021,1,Fulton Bank,900502,Fulton Savings Bank,Active,477604.0,75 S 1st St,Fulton,NY,13069.0,474919,"Fulton Bank, National Association",Active,31842186.0,1 Penn Sq,Lancaster,PA,17602.0
Frost National Bank,43872,United States,"Multinational Investment Bank & Financial Services, US Bank",2021,1,Frost National Bank,957627,Frostburg National Bank,Inactive,44584.0,2 West Main Street,Frostburg,MD,21532.0,,,,,,,,
First US Bank,157907,United States,European Bank,2021,1,First US Bank,259330,First US Bank,Active,1147104.0,3291 Highway 280 E,Birmingham,AL,35243.0,932978,Firstrust Savings Bank,Active,5818081.0,15 E Ridge Pike,Conshohocken,PA,19428.0
Gulf Capital Bank,158704,United States,US Bank,2021,1,Gulf Capital Bank,5382514,Gulf Capital Bank,Active,581148.0,1 Riverway,Houston,TX,77056.0,1929247,"SouthState Bank, National Association",Active,66027921.0,1101 1st St S,Winter Haven,FL,33880.0
First Commonwealth Bank,53698,United States,"Multinational Investment Bank & Financial Services, US Bank",2021,1,First Commonwealth Bank,42420,First Commonwealth Bank,Active,12279028.0,654 Philadelphia St,Indiana,PA,15701.0,864127,First Commonwealth Bank,Inactive,61885.0,204 West Main Street,Wise,VA,24293.0
Bank Leumi USA,52837,United States,"Asian Bank, European Bank, US Bank",2021,1,Bank Leumi USA,101019,Bank Leumi USA,Inactive,8202927.0,579 Fifth Avenue,New York,NY,10017.0,,,,,,,,
Peoples Bank,53372,United States,"Multinational Investment Bank & Financial Services, US Bank",2021,2,Peoples Bank,941541,Peoples Bank Co.,Active,128587.0,8537 Main St,Altenburg,MO,63732.0,262844,Peoples State Bank,Active,934635.0,301 E Blackhawk Ave,Prairie Du Chien,WI,53821.0
Peoples Bank,53372,United States,"Multinational Investment Bank & Financial Services, US Bank",2021,2,Peoples Bank,941541,Peoples Bank Co.,Active,128587.0,8537 Main St,Altenburg,MO,63732.0,262844,Peoples State Bank,Active,934635.0,301 E Blackhawk Ave,Prairie Du Chien,WI,53821.0
State Street Bank & Trust,17120,United States,"Australian/New Zealand Bank, Canadian Bank, European Bank, Multinational Investment Bank & Financial Services, US Bank",2021,2,State Street Bank & Trust,35301,State Street Bank and Trust Company,Active,366079000.0,One Congress Street,Boston,MA,2114.0,352745,State Street Bank and Trust Company,Active,340506.0,801 State St,Quincy,IL,62301.0
State Street Bank & Trust,17120,United States,"Australian/New Zealand Bank, Canadian Bank, European Bank, Multinational Investment Bank & Financial Services, US Bank",2021,2,State Street Bank & Trust,35301,State Street Bank and Trust Company,Active,366079000.0,One Congress Street,Boston,MA,2114.0,352745,State Street Bank and Trust Company,Active,340506.0,801 State St,Quincy,IL,62301.0
Preferred Bank,60429,United States,"Asian Bank, European Bank, Japanese Bank, US Bank",2021,2,Preferred Bank,252452,Preferred Bank,Active,131010.0,205 Main St,Rothville,MO,64676.0,1918344,Preferred Bank,Active,7468405.0,601 S Figueroa St,Los Angeles,CA,90017.0
Dollar Bank,73797,United States,"Multinational Investment Bank & Financial Services, US Bank",2021,2,Dollar Bank,442075,Dollar Savings Bank,Inactive,85810.0,"Washington Centre, 32 North Mill Street",New Castle,PA,16103.0,961624,"Dollar Bank, Federal Savings Bank",Active,12219114.0,340 4th Ave,Pittsburgh,PA,15222.0
American Bank NA,52615,United States,"Multinational Investment Bank & Financial Services, US Bank",2021,2,,,,,,,,,,,,,,,,,
CrossFirst Bank,113392,United States,"Multinational Investment Bank & Financial Services, US Bank",2021,2,CrossFirst Bank,3594005,CrossFirst Bank,Inactive,7447108.0,11440 Tomahawk Creek Pkwy,Leawood,KS,66211.0,3045299,CrossFirst Bank Leawood,Inactive,92080.0,4707 West 135th Street,Leawood,KS,66224.0
Chambers Bank,149603,United States,"Multinational Investment Bank & Financial Services, US Bank",2021,2,Chambers Bank,517049,Chambers Bank,Active,1453244.0,901 Main St,Danville,AR,72833.0,416357,Chambers State Bank,Active,83369.0,104 E Main St,Chambers,NE,68725.0
Dart Bank,163172,United States,US Bank,2021,2,Dart Bank,595476,Dartmouth Bank,Inactive,877159.0,156 Hanover Street,Manchester,NH,3105.0,309301,Dartmouth Banking Company,Inactive,280013.0,40 South Main Street,Hanover,NH,3755.0
BancorpSouth,18079,United States,"Multinational Investment Bank & Financial Services, US Bank",2021,2,BancorpSouth,606046,Cadence Bank,Active,53282352.0,201 S Spring St,Tupelo,MS,38804.0,4262534,"Cadence Bank, N.A.",Inactive,19735912.0,1349 W Peachtree St Nw,Atlanta,GA,30309.0
First Midwest Bancorp,36390,United States,"Canadian Bank, US Bank",2021,2,First Midwest Bancorp,,,,,,,,,,,,,,,,
Key Bank NA,26205,United States,US Bank,2021,2,,,,,,,,,,,,,,,,,
Lake City Bank,62693,United States,"Canadian Bank, Multinational Investment Bank & Financial Services, US Bank",2021,2,Lake City Bank,874845,Lake City Bank,Active,6894415.0,202 E Center St,Warsaw,IN,46580.0,890078,Lake City Federal Bank,Inactive,73772.0,201 E Marion St,Lake City,MN,55041.0
Rockland Trust,111800,United States,"Asian Bank, Canadian Bank, European Bank, Multinational Investment Bank & Financial Services, Private Equity, US Bank",2021,2,Rockland Trust,613008,Rockland Trust Company,Active,24993348.0,288 Union St,Rockland,MA,2370.0,,,,,,,,
Nevada State Bank,52272,United States,"Multinational Investment Bank & Financial Services, US Bank",2021,2,Nevada State Bank,456960,Nevada State Bank,Inactive,4340636.0,750 East Warm Springs Road,Las Vegas,NV,89119.0,,,,,,,,
Premier Bank,59342,United States,US Bank,2021,2,Premier Bank,33259,Premier Bank,Active,1090398.0,2866 White Bear Ave N,Maplewood,MN,55109.0,2539960,Premier Bank,Active,744635.0,1004 21st Ave,Rock Valley,IA,51247.0
Flagstar Bancorp,108640,United States,"Asian Bank, Japanese Bank, Multinational Investment Bank & Financial Services, US Bank",2021,2,Flagstar Bancorp,,,,,,,,,,,,,,,,
BankPlus,110441,United States,"Canadian Bank, Farm Credit Bank, US Bank",2021,2,BankPlus,121642,BankPlus,Active,7915475.0,202 E Jackson St,Belzoni,MS,39038.0,171179,"Bankplus, FSB",Inactive,280327.0,150 South Main St,Morton,IL,61550.0
National Exchange Bank & Trust,115723,United States,"Canadian Bank, US Bank",2021,2,National Exchange Bank & Trust,722544,National Exchange Bank and Trust,Active,2919051.0,130 S Main St,Fond Du Lac,WI,54935.0,,,,,,,,
Palatine Bank & Trust [PBT],85874,United States,"European Bank, US Bank",2021,2,,,,,,,,,,,,,,,,,
Amalgamated Bank,53437,United States,European Bank,2021,2,Amalgamated Bank,661308,Amalgamated Bank,Active,8685841.0,275 7th Ave,New York,NY,10001.0,397531,Amalgamated Bank of Chicago,Active,1299506.0,30 N La Salle St,Chicago,IL,60602.0
Rabobank NA,108876,United States,"Diversified Financial Services Company, European Bank, Government Sponsored Lender, Multinational Investment Bank & Financial Services, US Bank",2021,2,,,,,,,,,,,,,,,,,
Amerant Bank,146542,United States,"Diversified Financial Services Company, European Bank, Government Sponsored Lender, Multinational Investment Bank & Financial Services, US Bank",2021,2,Amerant Bank,83638,"Amerant Bank, National Association",Active,10386958.0,220 Alhambra Cir,Coral Gables,FL,33134.0,,,,,,,,
Emprise Bank NA,70269,United States,"Canadian Bank, Multinational Investment Bank & Financial Services, US Bank",2021,2,,,,,,,,,,,,,,,,,
Devon Bank,71297,United States,US Bank,2021,2,Devon Bank,347639,Devon Bank,Active,469655.0,6445 N Western Ave,Chicago,IL,60645.0,,,,,,,,
California Bank of Commerce,158956,United States,"Multinational Investment Bank & Financial Services, US Bank",2021,2,California Bank of Commerce,3614958,California Bank of Commerce,Inactive,1913149.0,2999 Oak Rd,Walnut Creek,CA,94597.0,3076453,"California Bank of Commerce, National Association",Active,4098937.0,12265 El Camino Real,San Diego,CA,92130.0
Midfirst Bank,49945,United States,US Bank,2021,2,Midfirst Bank,595270,MidFirst Bank,Active,41161881.0,501 Nw Grand Blvd,Oklahoma City,OK,73118.0,505055,MidFirst Bank,Inactive,2797439.0,2225 North May Avenue,Oklahoma City,OK,73107.0
BancFirst Corp,23678,United States,"Multinational Investment Bank & Financial Services, US Bank",2021,2,,,,,,,,,,,,,,,,,
Banner Bank,53516,United States,"Multinational Investment Bank & Financial Services, US Bank",2021,2,Banner Bank,352772,Banner Bank,Active,16556018.0,10 S 1st Ave,Walla Walla,WA,99362.0,275255,Banner Capital Bank,Active,360304.0,205 State St,Harrisburg,NE,69345.0
Columbia State Bank,50150,United States,US Bank,2021,2,Columbia State Bank,2078290,Columbia State Bank,Inactive,20258988.0,1301 A St,Tacoma,WA,98402.0,845377,Umpqua National Bank,Inactive,,Main Street,Reedsport,OR,97467.0
Sterling Bank,51407,United States,"European Bank, US Bank",2021,2,Sterling Bank,3284490,Sterling Bank,Active,1507315.0,1100 Sterling Dr,Poplar Bluff,MO,63901.0,60143,Comerica Bank,Active,77366000.0,1717 Main St,Dallas,TX,75201.0
Pacific Mercantile Bank,61140,United States,,2021,2,Pacific Mercantile Bank,2717012,Pacific Mercantile Bank,Inactive,1490319.0,"949 South Coast Drive, 3rd. Floor",Costa Mesa,CA,92626.0,431172,"Pacific Premier Bank, National Association",Inactive,17783977.0,17901 Von Karman Ave,Irvine,CA,92614.0
Georgia Banking Co,160584,United States,"Canadian Bank, US Bank",2021,2,,,,,,,,,,,,,,,,,
Lakeside Bank,160786,United States,"Canadian Bank, European Bank, US Bank",2021,2,Lakeside Bank,201834,Lakeside Bank,Active,2838903.0,55 W Wacker Dr,Chicago,IL,60601.0,32766,Lakeside Bank,Active,404641.0,2805 Ridge Rd,Rockwall,TX,75032.0
US Bank National Association,32998,United States,"Asian Bank, Canadian Bank, Multinational Investment Bank & Financial Services, US Bank",2021,2,,,,,,,,,,,,,,,,,
Synovus Financial Corp,57348,United States,"Canadian Bank, European Bank, US Bank",2021,2,,,,,,,,,,,,,,,,,
Hanmi Bank,98033,South Korea,"Canadian Bank, European Bank, US Bank",2021,2,Hanmi Bank,657365,Hanmi Bank,Active,7811870.0,3660 Wilshire Blvd Ste Ph-A,Los Angeles,CA,90010.0,,,,,,,,
Carver Federal Savings Bank,51044,United States,Multinational Investment Bank & Financial Services,2021,2,Carver Federal Savings Bank,268677,Carver Federal Savings Bank,Active,702912.0,75 W 125th St,New York,NY,10027.0,,,,,,,,
Highland Bank,112167,United States,"Asian Bank, European Bank, Multinational Investment Bank & Financial Services, US Bank",2021,2,Highland Bank,764058,Highland Bank,Active,778976.0,2100 Ford Pkwy,Saint Paul,MN,55116.0,3125315,Highlands Community Bank,Active,189282.0,307 Thacker Ave,Covington,VA,24426.0
Red River Bank,115463,United States,"Canadian Bank, European Bank, Farm Credit Bank, Japanese Bank, Multinational Investment Bank & Financial Services, US Bank",2021,2,Red River Bank,2743244,Red River Bank,Active,3213295.0,1412 Centre Ct,Alexandria,LA,71301.0,1005655,Red River State Bank,Active,116780.0,300 2nd Ave W,Halstad,MN,56548.0
TCF Bank Minnesota,75680,United States,"Asian Bank, European Bank, Multinational Investment Bank & Financial Services, US Bank",2021,2,,,,,,,,,,,,,,,,,
First Midwest,121311,United States,"Asian Bank, European Bank, Multinational Investment Bank & Financial Services, US Bank",2021,2,,,,,,,,,,,,,,,,,
S&T Bank,53818,United States,"Canadian Bank, Multinational Investment Bank & Financial Services, US Bank",2021,2,,,,,,,,,,,,,,,,,
East West,80658,United States,"Asian Bank, European Bank, Multinational Investment Bank & Financial Services, US Bank",2021,2,,,,,,,,,,,,,,,,,
Frost Bank,45717,United States,"Asian Bank, US Bank",2021,2,Frost Bank,682563,Frost  Bank,Active,52598588.0,111 W Houston St,San Antonio,TX,78205.0,943853,Frost State Bank,Active,53845.0,205 Main St,Frost,MN,56033.0
One National Bank,75162,United States,"Diversified Financial Services Company, Multinational Investment Bank & Financial Services, US Bank",2021,2,One National Bank,261913,Oneida National Bank,Inactive,967544.0,268 Genessee Street,Utica,NY,13502.0,766276,One National Bank of Little Rock,Inactive,38229.0,400 South Louisiana Street,Little Rock,AR,72201.0
Inland Bank,114673,United States,US Bank,2021,2,,,,,,,,,,,,,,,,,
Provident Bank,48133,United States,"Canadian Bank, Multinational Investment Bank & Financial Services, US Bank",2021,2,Provident Bank,204004,Provident Bank,Active,24840140.0,239 Washington St,Jersey City,NJ,7302.0,631570,"Provident Savings Bank, F.S.B.",Active,1230789.0,6570 Magnolia Ave,Riverside,CA,92506.0
Meridian Bank,50286,United States,"Asian Bank, Canadian Bank, Multinational Investment Bank & Financial Services",2021,2,Meridian Bank,3271799,Meridian Bank,Active,2541395.0,220 W. Lancaster Avenue,Wayne,PA,19087.0,102016,Meridian Bank,Inactive,11608948.0,35-43 North Sixth Street,Reading,PA,19603.0
Tristate Capital Bank,60748,United States,US Bank,2021,2,Tristate Capital Bank,3475083,TriState Capital Bank,Active,22333726.0,1 Oxford Ctr,Pittsburgh,PA,15219.0,491224,First-Citizens Bank & Trust Company,Active,233167000.0,239 Fayetteville St,Raleigh,NC,27601.0
Mission Bank,57366,United States,Canadian Bank,2021,2,Mission Bank,2736714,Mission Bank,Active,1950191.0,1301 17th St,Bakersfield,CA,93301.0,3039636,Mission Valley Bank,Active,714610.0,9116 Sunland Blvd,Sun Valley,CA,91352.0
Origin Bank,125561,United States,US Bank,2021,2,Origin Bank,667757,Origin Bank,Active,9688625.0,3921 Elm St,Choudrant,LA,71227.0,,,,,,,,
Independent Bank Corp,164541,United States,US Bank,2021,2,Independent Bank Corp,636771,Independent Bank,Active,5486851.0,4200 E Beltline Ave Ne,Grand Rapids,MI,49525.0,539032,Bank Independent,Active,2861338.0,710 S Montgomery Ave,Sheffield,AL,35660.0
WebBank,52907,United States,US Bank,2021,2,WebBank,2576134,WebBank,Active,2387965.0,215 S State St,Salt Lake City,UT,84111.0,,,,,,,,
Washington Federal Inc,124983,United States,"Canadian Bank, Multinational Investment Bank & Financial Services, US Bank",2021,2,,,,,,,,,,,,,,,,,
BankUnited Inc,133433,United States,"Asian Bank, Multinational Investment Bank & Financial Services, US Bank",2021,2,,,,,,,,,,,,,,,,,
Pinnacle Financial Partners Inc,125355,United States,US Bank,2021,2,,,,,,,,,,,,,,,,,
Camden National Bank,120832,United States,"Farm Credit Bank, Multinational Investment Bank & Financial Services, US Bank",2021,2,Camden National Bank,593007,The Camden National Bank,Active,6970257.0,2 Elm St,Camden,ME,4843.0,35356,"Norwest Bank Camden, National Association",Inactive,128093.0,4141 Lyndale Avenue North,Minneapolis,MN,55412.0
Bangor Savings Bank,121212,United States,"Farm Credit Bank, Multinational Investment Bank & Financial Services, US Bank",2021,2,Bangor Savings Bank,419406,Bangor Savings Bank,Active,7290486.0,24 Hamlin Way,Bangor,ME,4401.0,,,,,,,,
Liberty Bank,45264,United States,"Canadian Bank, US Bank",2021,2,,,,,,,,,,,,,,,,,
Morton Community Bank,49751,United States,"Canadian Bank, US Bank",2021,2,Morton Community Bank,825146,Morton Community Bank,Active,5385100.0,721 W Jackson St,Morton,IL,61550.0,,,,,,,,
SunTrust Bank,49246,United States,"Canadian Bank, Multinational Investment Bank & Financial Services, US Bank",2021,2,SunTrust Bank,852320,Truist Bank,Active,535540000.0,214 N Tryon St,Charlotte,NC,28202.0,106939,"SunTrust Bank, South Florida, National Association",Inactive,5160444.0,501 East Las Olas Boulevard,Fort Lauderdale,FL,33301.0
United Community Bank,110102,United States,"Canadian Bank, Multinational Investment Bank & Financial Services, US Bank",2021,2,United Community Bank,884648,United Community Bank,Active,284602.0,1000 Okoboji Ave,Milford,IA,51351.0,1017939,United Community Bank,Active,28087547.0,200 E Camperdown Way,Greenville,SC,29601.0
GBC Bancorp,24039,United States,"Asian Bank, US Bank",2021,2,GBC Bancorp,,,,,,,,,,,,,,,,
Northwest Savings Bank,101920,United States,"Canadian Bank, Multinational Investment Bank & Financial Services, US Bank",2021,2,,,,,,,,,,,,,,,,,
Summit Community Bank,105317,United States,US Bank,2021,2,Summit Community Bank,2372774,"Summit Community Bank, Inc",Inactive,4633672.0,310 N Main St,Moorefield,WV,26836.0,463557,"Summit Community Bank, National Association",Inactive,440851.0,3859 Camp Bowie Boulevard,Fort Worth,TX,76107.0
Salem Five Bank,106176,United States,US Bank,2021,2,Salem Five Bank,618807,Salem Five Cents Savings Bank,Active,8426346.0,71 Washington St,Salem,MA,1970.0,,,,,,,,
WesBanco Inc,50727,United States,US Bank,2021,2,,,,,,,,,,,,,,,,,
Simmons Bank,135973,United States,"Canadian Bank, US Bank",2021,2,Simmons Bank,663245,Simmons Bank,Active,24164419.0,501 S Main St,Pine Bluff,AR,71601.0,471749,Simmons First Bank of Northeast Arkansas,Inactive,361142.0,1720 South Caraway Road,Jonesboro,AR,72401.0
American Savings Bank,23064,United States,"Asian Bank, Canadian Bank, US Bank",2021,3,American Savings Bank,54973,"American Savings Bank, FSB",Active,8794992.0,300 N Beretania St,Honolulu,HI,96817.0,675341,American Trust and Savings Bank,Active,30365.0,309 Mckinley Ave,Lowden,IA,52255.0
Wood Forest National Bank,77784,United States,US Bank,2021,3,,,,,,,,,,,,,,,,,
American Bank of Missouri,124548,United States,"Canadian Bank, US Bank",2021,3,American Bank of Missouri,553458,American Bank of North Central Missouri,Inactive,46811.0,201 Washington Street,Princeton,MO,64673.0,,,,,,,,
Bank of Missouri,152843,United States,"Canadian Bank, US Bank",2021,3,Bank of Missouri,654654,"Bank of Riverside, Missouri",Inactive,9053.0,Highway 71,Riverside,MO,64168.0,,,,,,,,
Busey Bank,60036,United States,"Canadian Bank, US Bank",2021,3,Busey Bank,416245,Busey Bank,Active,18137534.0,100 W University Ave,Champaign,IL,61820.0,2623494,"Busey Bank, National Association",Inactive,420075.0,7980 Summerlin Lakes Drive,Fort Myers,FL,33907.0
United Texas Bank,146378,United States,Multinational Investment Bank & Financial Services,2021,3,United Texas Bank,726953,United Texas Bank,Active,1057261.0,13101 Preston Rd,Dallas,TX,75240.0,,,,,,,,
Amegy,121282,United States,US Bank,2021,3,,,,,,,,,,,,,,,,,
Commerce Bancorp Inc,92420,United States,"Asian Bank, European Bank, Multinational Investment Bank & Financial Services, US Bank",2021,3,,,,,,,,,,,,,,,,,
Union Bank NA,55889,United States,"Multinational Investment Bank & Financial Services, US Bank",2021,3,,,,,,,,,,,,,,,,,
Whitney Bank,105831,United States,"Diversified Financial Services Company, US Bank",2021,3,Whitney Bank,1464122,Whitney Bank,Inactive,13016484.0,228 St. Charles Avenue,New Orleans,LA,70130.0,463735,Hancock Whitney Bank,Active,35747114.0,2510 14th St,Gulfport,MS,39501.0
MapleMark Bank,138972,United States,US Bank,2021,3,MapleMark Bank,594451,MapleMark Bank,Active,1058335.0,2431 E 61st St,Tulsa,OK,74136.0,,,,,,,,
Stride Bank,145374,United States,US Bank,2021,3,Stride Bank,278555,"Stride Bank, National Association",Active,3840708.0,324 W Broadway Ave,Enid,OK,73701.0,,,,,,,,
Washington Financial Bank,115593,United States,"Canadian Bank, Multinational Investment Bank & Financial Services, US Bank",2021,3,Washington Financial Bank,282075,Washington Financial Bank,Active,1536774.0,77 S Main St,Washington,PA,15301.0,,,,,,,,
Bank of Hawaii,34534,United States,"Asian Bank, Canadian Bank, Multinational Investment Bank & Financial Services, US Bank",2021,3,Bank of Hawaii,795968,Bank of Hawaii,Active,23980457.0,111 S King St,Honolulu,HI,96813.0,2881614,"Bank of Hawaii  Credit Card, National Association",Inactive,309705.0,"1850 North Central Avenue, Suite 400",Phoenix,AZ,85004.0
Susser Bank,160505,United States,"Multinational Investment Bank & Financial Services, US Bank",2021,3,Susser Bank,965789,Susser Bank,Active,2727442.0,4020 Maple Ave,Dallas,TX,75219.0,2618780,Texas Capital Bank,Active,32246474.0,2000 Mckinney Ave,Dallas,TX,75201.0
Broadway Bank,160760,United States,"Multinational Investment Bank & Financial Services, US Bank",2021,3,Broadway Bank,268734,Broadway Bank,Inactive,1059194.0,5960 North Broadway,Chicago,IL,60660.0,474254,Broadway National Bank,Active,5809928.0,1177 Ne Loop 410,San Antonio,TX,78209.0
Heartland Bank,51392,United States,US Bank,2021,3,Heartland Bank,604547,Heartland Bank,Active,265198.0,615 6th Ave,Somers,IA,50586.0,426534,Heartland Bank and Trust Company,Active,5032013.0,401 N Hershey Rd,Bloomington,IL,61704.0
Village Bank,105183,United States,"Canadian Bank, Multinational Investment Bank & Financial Services",2021,3,Village Bank,2010722,Village Bank,Active,413803.0,3350 Bridge St Nw,Saint Francis,MN,55070.0,2298995,"Village Bank and Trust, National Association",Active,3350562.0,234 W Northwest Hwy,Arlington Heights,IL,60004.0
Village Bank & Trust NA,167777,United States,"Canadian Bank, Multinational Investment Bank & Financial Services",2021,3,,,,,,,,,,,,,,,,,
Columbia Bank,50667,United States,"Multinational Investment Bank & Financial Services, US Bank",2021,3,Columbia Bank,143662,Columbia Bank,Active,67491443.0,445 Se Main St,Roseburg,OR,97470.0,474919,"Fulton Bank, National Association",Active,31842186.0,1 Penn Sq,Lancaster,PA,17602.0
Southside Bank,122807,United States,US Bank,2021,3,Southside Bank,361167,Southside Bank,Active,8375996.0,1201 S Beckham Ave,Tyler,TX,75701.0,887966,Southside National Bank,Inactive,12040.0,2600 South Street,Nacogdoches,TX,75961.0
Huntington Bancshares,17317,United States,"Multinational Investment Bank & Financial Services, US Bank",2021,3,Huntington Bancshares,,,,,,,,,,,,,,,,
American National Bank of Texas,61874,United States,US Bank,2021,3,American National Bank of Texas,599764,The American National Bank of Texas,Active,5534230.0,102 W Moore Ave,Terrell,TX,75160.0,,,,,,,,
Bar Harbor Bank & Trust,139502,United States,US Bank,2021,3,Bar Harbor Bank & Trust,522605,Bar Harbor Bank & Trust,Active,4710816.0,82 Main St,Bar Harbor,ME,4609.0,,,,,,,,
Citizens National Bank,115462,United States,"European Bank, Multinational Investment Bank & Financial Services, US Bank",2021,3,Citizens National Bank,717737,Citizens National Bank,Active,1926540.0,200 Forks Of The River Pkwy,Sevierville,TN,37862.0,552161,Citizens National Bank of Texas,Active,2026072.0,200 N Elm St,Waxahachie,TX,75165.0
Valley Republic Bank,161223,United States,"Diversified Financial Services Company, Multinational Investment Bank & Financial Services, US Bank",2021,3,Valley Republic Bank,3885123,Valley Republic Bank,Inactive,1378618.0,"5000 California Avenue, Suite 110",Bakersfield,CA,93309.0,,,,,,,,
Bryant Bank,104955,United States,"Multinational Investment Bank & Financial Services, US Bank",2021,3,Bryant Bank,3356191,Bryant Bank,Active,2684362.0,1550 Mcfarland Blvd N,Tuscaloosa,AL,35406.0,82257,Bryant State Bank,Active,52039.0,124 Main St W,Bryant,SD,57221.0
Sabadell Bank,108817,United States,"Canadian Bank, European Bank, Latin America & Caribbean Bank, Multinational Investment Bank & Financial Services",2021,3,Sabadell Bank,229801,Valley National Bank,Active,62959203.0,615 Main Ave,Passaic,NJ,7055.0,53033,"Sabadell United Bank, National Association",Inactive,5730517.0,1111 Brickell Avenue,Miami,FL,33131.0
CommerceOne Bank,160974,United States,"Multinational Investment Bank & Financial Services, US Bank",2021,3,CommerceOne Bank,5227101,CommerceOne Bank,Active,838987.0,17 20th St N,Birmingham,AL,35203.0,1017939,United Community Bank,Active,28087547.0,200 E Camperdown Way,Greenville,SC,29601.0
Oakworth Capital Bank,161017,United States,"Multinational Investment Bank & Financial Services, US Bank",2021,3,Oakworth Capital Bank,3720608,Oakworth Capital Bank,Active,1923330.0,850 Shades Creek Pkwy,Birmingham,AL,35209.0,,,,,,,,
Robertson Banking Co,161066,United States,"Multinational Investment Bank & Financial Services, US Bank",2021,3,,,,,,,,,,,,,,,,,
West Alabama Bank & Trust,174075,United States,"Multinational Investment Bank & Financial Services, US Bank",2021,3,West Alabama Bank & Trust,501132,West Alabama Bank & Trust,Active,953862.0,509 1st Ave W,Reform,AL,35481.0,,,,,,,,
River Bank & Trust,174081,United States,"Multinational Investment Bank & Financial Services, US Bank",2021,3,River Bank & Trust,3437157,River Bank & Trust,Active,3844583.0,2611 Legends Dr,Prattville,AL,36066.0,,,,,,,,
First National Bank of Omaha,48306,United States,"European Bank, Farm Credit Bank, Japanese Bank, US Bank",2021,3,First National Bank of Omaha,527954,First National Bank of Omaha,Active,32340615.0,1601 Capitol Avenue,Omaha,NE,68102.0,,,,,,,,
Union Bank & Trust Co,61696,United States,"European Bank, Farm Credit Bank, Japanese Bank, US Bank",2021,3,,,,,,,,,,,,,,,,,
Park National Bank,65366,United States,US Bank,2021,3,Park National Bank,15536,Park National Bank,Inactive,4680881.0,801 North Clark Street,Chicago,IL,60610.0,90234,Park National Bank and Trust of Chicago,Inactive,276546.0,2958 North Milwaukee Avenue,Chicago,IL,60618.0
Burling Bank,136286,United States,"Canadian Bank, US Bank",2021,3,Burling Bank,1404883,Burling Bank,Active,196455.0,141 W Jackson Blvd,Chicago,IL,60604.0,208244,Old National Bank,Active,70996954.0,1 Main St,Evansville,IN,47708.0
Belmont Bank & Trust,147834,United States,"Canadian Bank, US Bank",2021,3,Belmont Bank & Trust,3391718,Belmont Bank & Trust Company,Active,993573.0,8250 W Belmont Ave,Chicago,IL,60634.0,,,,,,,,
Freedom Bank,167728,United States,European Bank,2021,3,Freedom Bank,629522,"Freedom Bank, Inc.",Active,207443.0,20 N Crim Ave,Belington,WV,26250.0,3729124,Freedom Bank,Active,814048.0,99 W Essex St,Maywood,NJ,7607.0
Citywide Banks,70813,United States,US Bank,2021,3,Citywide Banks,697754,Citywide Banks,Inactive,1381509.0,10660 East Colfax Avenue,Aurora,CO,80010.0,,,,,,,,
Apple Bank,186058,United States,"Asset Manager, Canadian Bank, Japanese Bank, Multinational Investment Bank & Financial Services, US Bank",2021,3,,,,,,,,,,,,,,,,,
Seacoast National Bank,55523,United States,Asian Bank,2021,3,Seacoast National Bank,34537,Seacoast National Bank,Active,16666792.0,815 S Colorado Ave,Stuart,FL,34994.0,,,,,,,,
Charles Schwab Corp,48134,United States,"Diversified Financial Services Company, Multinational Investment Bank & Financial Services, US Bank",2021,3,,,,,,,,,,,,,,,,,
American National Bank,53048,United States,US Bank,2021,3,American National Bank,660655,American National Bank,Active,5268143.0,8990 W Dodge Rd,Omaha,NE,68114.0,1394676,American Express National  Bank,Active,211134002.0,115 W Towne Ridge Pkwy,Sandy,UT,84070.0
People's Trust Bank,140550,United States,Canadian Bank,2021,3,People's Trust Bank,3282012,PeoplesTrust Bank,Active,194883.0,1281 Military St S,Hamilton,AL,35570.0,278818,Peoples Security Bank and Trust Company,Active,5151903.0,100 S Blakely St,Dunmore,PA,18512.0
Peoples Bank NA,23077,United States,"Canadian Bank, US Bank",2021,3,,,,,,,,,,,,,,,,,
Johnson Bank NA,53661,United States,"Canadian Bank, US Bank",2021,3,,,,,,,,,,,,,,,,,
Texas Partners Bank,161616,United States,"Multinational Investment Bank & Financial Services, US Bank",2021,3,Texas Partners Bank,3548567,Texas Partners Bank,Active,2520016.0,1900 Nw Loop 410,San Antonio,TX,78213.0,,,,,,,,
Berkshire Bank,52270,United States,US Bank,2021,3,Berkshire Bank,473501,Berkshire Bank,Inactive,12027717.0,24 North St,Pittsfield,MA,1201.0,102203,Berkshire Bank & Trust Company,Inactive,223519.0,54 North Street,Pittsfield,MA,1201.0
FVCBank,160963,United States,"Multinational Investment Bank & Financial Services, US Bank",2021,3,FVCBank,3614976,FVCbank,Active,2314550.0,11325 Random Hills Rd,Fairfax,VA,22030.0,,,,,,,,
Raymond James Bank FSB,73235,United States,"Canadian Bank, Diversified Financial Services Company, Multinational Investment Bank & Financial Services, US Bank",2021,3,,,,,,,,,,,,,,,,,
Bank of North Dakota,41543,United States,"Canadian Bank, Diversified Financial Services Company, Multinational Investment Bank & Financial Services, US Bank",2021,3,Bank of North Dakota,693952,Security First Bank of North Dakota,Active,278953.0,700 Ash Ave,New Salem,ND,58563.0,954158,Farmers & Merchants Bank of North Dakota,Active,114209.0,101 Main St N,Tolna,ND,58380.0
First National Bank & Trust,53072,United States,"Asian Bank, Canadian Bank, European Bank, Multinational Investment Bank & Financial Services, US Bank",2021,3,First National Bank & Trust,32234,First National Bank & Trust Company,Active,405865.0,2 Kelli Ct,Clinton,IL,61727.0,236153,First International Bank & Trust,Active,5680943.0,100 N Main St,Watford City,ND,58854.0
Southern Bancorp Bank,161907,United States,"Canadian Bank, Japanese Bank, Multinational Investment Bank & Financial Services, US Bank",2021,4,Southern Bancorp Bank,852544,Southern Bancorp Bank,Active,2749325.0,601 Main St,Arkadelphia,AR,71923.0,866943,"Southern Bancorp Bank of Blytheville, National Association",Inactive,253085.0,120 South Second Street,Blytheville,AR,72315.0
Washington Trust,51021,United States,US Bank,2021,4,Washington Trust,58971,Washington Trust Bank,Active,10628299.0,717 W Sprague Ave,Spokane,WA,99201.0,668035,Washington Bank and Trust Company,Inactive,86320.0,946 Pearl Street,Franklinton,LA,70438.0
West Texas National Bank,55262,United States,"Asian Bank, US Bank",2021,4,West Texas National Bank,237066,West Texas National Bank,Active,2748058.0,6 Desta Dr,Midland,TX,79705.0,345457,West Texas National Bank,Inactive,244502.0,101 East Avenue,Alpine,TX,79830.0
First Mid Bank & Trust,162131,United States,"Asian Bank, Canadian Bank, European Bank, Multinational Investment Bank & Financial Services, US Bank",2021,4,First Mid Bank & Trust,762447,"First Mid Bank & Trust, National Association",Active,7768551.0,1515 Charleston Ave,Mattoon,IL,61938.0,,,,,,,,
Midland States Bank,67543,United States,"Asian Bank, Canadian Bank, European Bank, Multinational Investment Bank & Financial Services, US Bank",2021,4,Midland States Bank,773247,Midland States Bank,Active,6902904.0,1201 Network Centre Dr,Effingham,IL,62401.0,,,,,,,,
EagleBank,124709,United States,"Multinational Investment Bank & Financial Services, US Bank",2021,4,EagleBank,2652092,EagleBank,Active,10763529.0,7500 Old Georgetown Rd,Bethesda,MD,20814.0,,,,,,,,
Bank of Albuquerque NA,78302,United States,US Bank,2021,4,,,,,,,,,,,,,,,,,
BankUnited FSB,45677,United States,US Bank,2021,4,,,,,,,,,,,,,,,,,
Eagle Bancorp,73709,United States,US Bank,2021,4,Eagle Bancorp,,,,,,,,,,,,,,,,
Five Star Bank,55354,United States,"Diversified Financial Services Company, US Bank",2021,4,Five Star Bank,2867337,Five Star Bank,Active,4639784.0,2240 Douglas Blvd,Roseville,CA,95661.0,601416,Five Star Bank,Active,6250000.0,55 N Main St,Warsaw,NY,14569.0
Security National Bank of Omaha,162814,United States,"Multinational Investment Bank & Financial Services, US Bank",2021,4,Security National Bank of Omaha,844053,Security National Bank of Omaha,Active,1796077.0,1120 S 101st St,Omaha,NE,68124.0,,,,,,,,
BMO/Harris Bank,88871,United States,"Diversified Financial Services Company, Japanese Bank, Multinational Investment Bank & Financial Services",2021,4,,,,,,,,,,,,,,,,,
Lincoln Bank,52486,United States,"Asian Bank, Asset Manager, Australian/New Zealand Bank, Business Corporation, Canadian Bank, European Bank, Farm Credit Bank, Japanese Bank, Multinational Investment Bank & Financial Services, US Bank",2021,4,Lincoln Bank,667551,Lincoln State Bank,Active,124415.0,302 Main Ave S,Hankinson,ND,58041.0,589943,Lincoln Savings Bank,Active,1775608.0,508 Main St,Reinbeck,IA,50669.0
Bell Bank,148894,United States,"Canadian Bank, US Bank",2021,4,Bell Bank,929352,Bell Bank,Active,14135435.0,520 Main Ave,Fargo,ND,58103.0,178244,Bellevue State Bank,Active,171646.0,200 S 2nd St,Bellevue,IA,52031.0
Wisconsin Bank & Trust,163936,United States,"Canadian Bank, European Bank, Japanese Bank, Multinational Investment Bank & Financial Services, US Bank",2021,4,Wisconsin Bank & Trust,463342,Wisconsin Bank & Trust,Inactive,1388430.0,119 Junction Rd,Madison,WI,53717.0,,,,,,,,
First Womens Bank,73615,United States,"Canadian Bank, European Bank, Multinational Investment Bank & Financial Services, US Bank",2021,4,,,,,,,,,,,,,,,,,
Modern Bank,89181,Indonesia,"Farm Credit Bank, US Bank",2021,4,Modern Bank,2398701,"Modern Bank, National Association",Active,659973.0,410 Park Ave,New York,NY,10022.0,,,,,,,,
National Bank of Arizona,57297,United States,US Bank,2021,4,National Bank of Arizona,1004368,National Bank of Arizona,Inactive,5018724.0,335 North Wilmot Road,Tucson,AZ,85711.0,1004368,National Bank of Arizona,Inactive,435558.0,335 North Wilmont Road,Tucson,AZ,85711.0
Northrim Bank,40599,United States,"Asian Bank, Canadian Bank, Japanese Bank, Multinational Investment Bank & Financial Services, US Bank",2021,4,Northrim Bank,1718188,Northrim Bank,Active,3289121.0,3111 C St,Anchorage,AK,99503.0,,,,,,,,
WoodTrust Bank,162386,United States,"Canadian Bank, Multinational Investment Bank & Financial Services, US Bank",2021,4,WoodTrust Bank,833749,WOODTRUST BANK,Active,724379.0,181 2nd St S,Wisconsin Rapids,WI,54494.0,,,,,,,,
Dime Saving Bank of New York,88250,United States,"Asian Bank, Multinational Investment Bank & Financial Services, US Bank",2021,4,,,,,,,,,,,,,,,,,
Pinnacle National Bank,101768,United States,"Asian Bank, Multinational Investment Bank & Financial Services, US Bank",2021,4,Pinnacle National Bank,523750,"Pinnacle Bank, National Association",Inactive,117725.0,201 East A Street,Ogallala,NE,69153.0,603951,"Pinnacle Bank, National Association",Inactive,97722.0,401 North Spruce Street,Abilene,KS,67410.0
First Tennessee Bank,29835,United States,"Asian Bank, Multinational Investment Bank & Financial Services, US Bank",2021,4,First Tennessee Bank,91138,First Tennessee Bank,Inactive,216632.0,101 West Broadway,Maryville,TN,37801.0,852320,Truist Bank,Active,535540000.0,214 N Tryon St,Charlotte,NC,28202.0
Valley Bank & Trust,88787,United States,"Asian Bank, European Bank, Japanese Bank, Multinational Investment Bank & Financial Services",2021,4,Valley Bank & Trust,288853,FirstBank,Active,26620953.0,10403 W Colfax Ave,Lakewood,CO,80215.0,510871,FirstBank Puerto Rico,Active,19300144.0,1519 Ave Ponce De Leon,Santurce,PR,909.0
Alerus Financial Corp,167618,United States,US Bank,2021,4,,,,,,,,,,,,,,,,,
MidCountry Bank,55640,United States,US Bank,2021,4,MidCountry Bank,3971,MidCountry Bank,Active,1046748.0,7825 Washington Ave S,Minneapolis,MN,55439.0,2607346,MidCountry Bank,Inactive,226307.0,14617 Highway 7,Minnetonka,MN,55345.0
Marine Bank,66013,United States,"Canadian Bank, US Bank",2021,4,Marine Bank,258445,Marine Bank,Inactive,668662.0,3050 Wabash Ave,Springfield,IL,62704.0,2587916,Marine Bank & Trust Company,Active,635108.0,571 Beachland Blvd,Vero Beach,FL,32963.0
Deutsche Bank Trust Co Americas,54986,United States,Canadian Bank,2021,4,,,,,,,,,,,,,,,,,
Centier Bank,65369,United States,"Multinational Investment Bank & Financial Services, US Bank",2021,4,Centier Bank,783648,Centier Bank,Active,9917852.0,1500 119th St,Whiting,IN,46394.0,,,,,,,,
Bank of America Corp,15449,United States,"Asian Bank, Australian/New Zealand Bank, Canadian Bank, European Bank, Japanese Bank, Multinational Investment Bank & Financial Services",2021,4,,,,,,,,,,,,,,,,,
Nicolet National Bank,57605,United States,"Canadian Bank, US Bank",2021,4,Nicolet National Bank,2941068,Nicolet National Bank,Active,9015325.0,111 North Washington Street,Green Bay,WI,54301.0,,,,,,,,
International Bank of Commerce,79179,United States,"Multinational Investment Bank & Financial Services, US Bank",2021,4,International Bank of Commerce,1001152,International Bank of Commerce,Active,9847078.0,1200 San Bernardo Ave,Laredo,TX,78040.0,230759,International Bank of Commerce,Active,4352488.0,1600 Fm 802,Brownsville,TX,78521.0
Choice Bank,162833,United States,US Bank,2021,4,Choice Bank,3161993,Choice Bank,Inactive,287610.0,15190 North Hayden Road,Scottsdale,AZ,85260.0,324340,ChoiceOne Bank,Active,4291775.0,109 E Division St,Sparta,MI,49345.0
Midwest Bank,163200,United States,US Bank,2021,4,Midwest Bank,669555,Midwest Bank,Active,1247976.0,114 W Main St,Pierce,NE,68767.0,836843,MidWestOne Bank,Active,6241699.0,102 S Clinton St,Iowa City,IA,52240.0
Merchants Bank NA,50029,United States,US Bank,2021,4,,,,,,,,,,,,,,,,,
Canandaigua National Bank & Trust,127465,United States,US Bank,2021,4,Canandaigua National Bank & Trust,161602,The Canandaigua National Bank and Trust Company,Active,5258602.0,72 S Main St,Canandaigua,NY,14424.0,,,,,,,,
Tri Counties Bank,167315,United States,"European Bank, Multinational Investment Bank & Financial Services, US Bank",2021,4,Tri Counties Bank,100562,Tri Counties Bank,Active,9874826.0,63 Constitution Dr,Chico,CA,95973.0,,,,,,,,
BAC Florida Bank,55083,United States,"Asian Bank, Japanese Bank, Latin America & Caribbean Bank, US Bank",2021,4,BAC Florida Bank,491224,First-Citizens Bank & Trust Company,Active,233167000.0,239 Fayetteville St,Raleigh,NC,27601.0,978118,First Citizens Community Bank,Active,3051688.0,15 S Main St,Mansfield,PA,16933.0
MidWestOne Bank,162992,United States,Canadian Bank,2021,4,MidWestOne Bank,836843,MidWestOne Bank,Active,6241699.0,102 S Clinton St,Iowa City,IA,52240.0,66846,MidWestOne Bank,Inactive,789190.0,124 South 1st Street,Oskaloosa,IA,52577.0
SmartBank,53523,United States,US Bank,2021,4,SmartBank,3532641,SmartBank,Active,5777824.0,2430 Teaster Ln,Pigeon Forge,TN,37863.0,,,,,,,,
FCBank,121563,United States,US Bank,2021,4,FCBank,,,,,,,,,,,,,,,,
Sun West Bank,51750,United States,"Canadian Bank, European Bank, Multinational Investment Bank & Financial Services",2021,4,Sun West Bank,140362,Sunwest Bank,Active,3771769.0,10011 S Centennial Pkwy,Sandy,UT,84070.0,356864,Pacific Western Bank,Inactive,1059421.0,333 West Santa Clara Street,San Jose,CA,95113.0
First Source Bank,58998,United States,"Canadian Bank, US Bank",2021,4,First Source Bank,3349241,First Resource Bank,Active,724857.0,800 N Pottstown Pike,Exton,PA,19341.0,3314043,First Resource Bank,Active,765728.0,7449 Village Dr,Lino Lakes,MN,55014.0
Southwest Bank,72802,United States,US Bank,2021,4,Southwest Bank,561864,Southwest Bank,Active,725845.0,4800 E 42nd St,Odessa,TX,79762.0,2625724,Southwestern National Bank,Active,1284728.0,6901 Corporate Dr,Houston,TX,77036.0
Republic Bank,49970,United States,"Canadian Bank, US Bank",2021,4,Republic Bank,316840,Republic Bank & Trust Company,Active,7009295.0,601 W Market St,Louisville,KY,40202.0,671334,Republic Bank of Chicago,Active,2592953.0,2221 Camden Ct,Oak Brook,IL,60523.0
Independent Bankshares,63982,United States,"Asian Bank, US Bank",2021,4,Independent Bankshares,,,,,,,,,,,,,,,,
Academy Bank NA,115452,United States,"Multinational Investment Bank & Financial Services, US Bank",2021,4,,,,,,,,,,,,,,,,,
Enterprise Bank NA,121718,United States,Canadian Bank,2021,4,,,,,,,,,,,,,,,,,
Hinsdale Bank,73246,United States,"Canadian Bank, US Bank",2021,4,Hinsdale Bank,2119773,"Hinsdale Bank & Trust Company, National Association",Active,5910044.0,25 E 1st St,Hinsdale,IL,60521.0,,,,,,,,
Horizon Bank,52886,United States,"Canadian Bank, European Bank, Farm Credit Bank, US Bank",2021,4,Horizon Bank,663955,Horizon Bank,Active,512031.0,10841 N 142nd St,Waverly,NE,68462.0,130541,Horizon Bank,Active,6691670.0,515 Franklin St,Michigan City,IN,46360.0
Bank of Sun Prairie,133082,United States,US Bank,2021,4,Bank of Sun Prairie,124344,Bank of Sun Prairie,Active,728560.0,228 E Main St,Sun Prairie,WI,53590.0,,,,,,,,
Cornerstone Bank,137364,United States,"Multinational Investment Bank & Financial Services, US Bank",2021,4,Cornerstone Bank,879457,Cornerstone Bank,Active,1751016.0,2280 45th St S,Fargo,ND,58104.0,403151,Cornerstone Bank,Active,2774024.0,529 N Lincoln Ave,York,NE,68467.0
Needham Bank,162986,United States,US Bank,2021,4,Needham Bank,339773,Needham Bank,Active,5358176.0,1063 Great Plain Ave,Needham,MA,2492.0,,,,,,,,
